2000,焦炭消费总量,A070H01,10840.76
2000,农、林、牧、渔业焦炭消费总量,A070H02,70.93
2000,工业焦炭消费总量,A070H03,10554.55
2000,采矿业焦炭消费总量,A070H04,160.58
2000,煤炭开采和洗选业焦炭消费总量,A070H05,53.06
2000,石油和天然气开采业焦炭消费总量,A070H06,5.76
2000,黑色金属矿采选业焦炭消费总量,A070H07,52.38
2000,有色金属矿采选业焦炭消费总量,A070H08,22.12
2000,非金属矿采选业焦炭消费总量,A070H09,26.95
2000,其他采矿业焦炭消费总量,A070H0B,0.31
2000,制造业焦炭消费总量,A070H0C,10357.19
2000,农副食品加工业焦炭消费总量,A070H0D,16.15
2000,食品制造业焦炭消费总量,A070H0E,14.67
2000,酒、饮料和精制茶制造业焦炭消费总量,A070H0F,3.14
2000,烟草制品业焦炭消费总量,A070H0G,1.26
2000,纺织业焦炭消费总量,A070H0H,4.19
2000,纺织服装、服饰业焦炭消费总量,A070H0I,1.68
2000,皮革、毛皮、羽毛及其制品和制鞋业焦炭消费总量,A070H0J,1.76
2000,木材加工及木、竹、藤、棕、草制品业焦炭消费总量,A070H0K,1.47
2000,家具制造业焦炭消费总量,A070H0L,1.05
2000,造纸及纸制品业焦炭消费总量,A070H0M,1.57
2000,印刷和记录媒介复制业焦炭消费总量,A070H0N,0.29
2000,文教、工美、体育和娱乐用品制造业焦炭消费总量,A070H0O,1.68
2000,石油、煤炭及其他燃料加工业焦炭消费总量,A070H0P,64.96
2000,化学原料及化学制品制造业焦炭消费总量,A070H0Q,1104.86
2000,医药制造业焦炭消费总量,A070H0R,0.68
2000,化学纤维制造业焦炭消费总量,A070H0S,27.49
2000,橡胶和塑料制品业焦炭消费总量,A070H0T,8.91
2000,橡胶制品业焦炭消费总量,A070H0U,2.62
2000,塑料制品业焦炭消费总量,A070H0V,6.29
2000,非金属矿物制品业焦炭消费总量,A070H0W,312.35
2000,黑色金属冶炼及压延加工业焦炭消费总量,A070H0X,8084.98
2000,有色金属冶炼及压延加工业焦炭消费总量,A070H0Y,218.09
2000,金属制品业焦炭消费总量,A070H0Z,126.05
2000,通用设备制造业焦炭消费总量,A070H10,208.23
2000,专用设备制造业焦炭消费总量,A070H11,73.93
2000,汽车制造业焦炭消费总量,A070H12,32.28
2000,电气机械及器材制造业焦炭消费总量,A070H14,10.92
2000,计算机、通信和其他电子设备制造业焦炭消费总量,A070H15,0.31
2000,仪器仪表制造业焦炭消费总量,A070H16,4.19
2000,其他制造业焦炭消费总量,A070H17,30.07
2000,废弃资源综合利用业焦炭消费总量,A070H18,0.00
2000,电力、热力、燃气及水生产和供应业焦炭消费总量,A070H1A,36.78
2000,电力、热力的生产和供应业焦炭消费总量,A070H1B,0.00
2000,燃气生产和供应业焦炭消费总量,A070H1C,36.78
2000,水的生产和供应业焦炭消费总量,A070H1D,0.00
2000,建筑业焦炭消费总量,A070H1E,18.98
2000,交通运输、仓储和邮政业焦炭消费总量,A070H1F,11.24
2000,批发和零售业、住宿和餐饮业焦炭消费总量,A070H1G,35.71
2000,其他焦炭消费总量,A070H1H,12.15
2000,居民生活焦炭消费总量,A070H1I,137.20
2001,焦炭消费总量,A070H01,11931.46
2001,农、林、牧、渔业焦炭消费总量,A070H02,67.46
2001,工业焦炭消费总量,A070H03,11642.40
2001,采矿业焦炭消费总量,A070H04,164.25
2001,煤炭开采和洗选业焦炭消费总量,A070H05,52.27
2001,石油和天然气开采业焦炭消费总量,A070H06,5.84
2001,黑色金属矿采选业焦炭消费总量,A070H07,55.88
2001,有色金属矿采选业焦炭消费总量,A070H08,21.44
2001,非金属矿采选业焦炭消费总量,A070H09,28.49
2001,其他采矿业焦炭消费总量,A070H0B,0.33
2001,制造业焦炭消费总量,A070H0C,11438.44
2001,农副食品加工业焦炭消费总量,A070H0D,17.53
2001,食品制造业焦炭消费总量,A070H0E,16.98
2001,酒、饮料和精制茶制造业焦炭消费总量,A070H0F,3.18
2001,烟草制品业焦炭消费总量,A070H0G,1.33
2001,纺织业焦炭消费总量,A070H0H,4.60
2001,纺织服装、服饰业焦炭消费总量,A070H0I,1.79
2001,皮革、毛皮、羽毛及其制品和制鞋业焦炭消费总量,A070H0J,1.81
2001,木材加工及木、竹、藤、棕、草制品业焦炭消费总量,A070H0K,1.51
2001,家具制造业焦炭消费总量,A070H0L,1.19
2001,造纸及纸制品业焦炭消费总量,A070H0M,1.71
2001,印刷和记录媒介复制业焦炭消费总量,A070H0N,0.32
2001,文教、工美、体育和娱乐用品制造业焦炭消费总量,A070H0O,1.82
2001,石油、煤炭及其他燃料加工业焦炭消费总量,A070H0P,67.28
2001,化学原料及化学制品制造业焦炭消费总量,A070H0Q,1159.51
2001,医药制造业焦炭消费总量,A070H0R,0.71
2001,化学纤维制造业焦炭消费总量,A070H0S,26.88
2001,橡胶和塑料制品业焦炭消费总量,A070H0T,10.11
2001,橡胶制品业焦炭消费总量,A070H0U,2.87
2001,塑料制品业焦炭消费总量,A070H0V,7.24
2001,非金属矿物制品业焦炭消费总量,A070H0W,345.33
2001,黑色金属冶炼及压延加工业焦炭消费总量,A070H0X,8989.74
2001,有色金属冶炼及压延加工业焦炭消费总量,A070H0Y,242.83
2001,金属制品业焦炭消费总量,A070H0Z,143.64
2001,通用设备制造业焦炭消费总量,A070H10,225.43
2001,专用设备制造业焦炭消费总量,A070H11,77.08
2001,汽车制造业焦炭消费总量,A070H12,42.61
2001,电气机械及器材制造业焦炭消费总量,A070H14,13.20
2001,计算机、通信和其他电子设备制造业焦炭消费总量,A070H15,0.38
2001,仪器仪表制造业焦炭消费总量,A070H16,5.59
2001,其他制造业焦炭消费总量,A070H17,34.33
2001,废弃资源综合利用业焦炭消费总量,A070H18,0.00
2001,电力、热力、燃气及水生产和供应业焦炭消费总量,A070H1A,39.71
2001,电力、热力的生产和供应业焦炭消费总量,A070H1B,0.00
2001,燃气生产和供应业焦炭消费总量,A070H1C,39.71
2001,水的生产和供应业焦炭消费总量,A070H1D,0.00
2001,建筑业焦炭消费总量,A070H1E,23.91
2001,交通运输、仓储和邮政业焦炭消费总量,A070H1F,11.68
2001,批发和零售业、住宿和餐饮业焦炭消费总量,A070H1G,39.73
2001,其他焦炭消费总量,A070H1H,12.08
2001,居民生活焦炭消费总量,A070H1I,134.20
2002,焦炭消费总量,A070H01,12803.12
2002,农、林、牧、渔业焦炭消费总量,A070H02,76.19
2002,工业焦炭消费总量,A070H03,12522.05
2002,采矿业焦炭消费总量,A070H04,167.21
2002,煤炭开采和洗选业焦炭消费总量,A070H05,48.08
2002,石油和天然气开采业焦炭消费总量,A070H06,5.04
2002,黑色金属矿采选业焦炭消费总量,A070H07,52.53
2002,有色金属矿采选业焦炭消费总量,A070H08,28.33
2002,非金属矿采选业焦炭消费总量,A070H09,32.86
2002,其他采矿业焦炭消费总量,A070H0B,0.37
2002,制造业焦炭消费总量,A070H0C,12322.78
2002,农副食品加工业焦炭消费总量,A070H0D,14.33
2002,食品制造业焦炭消费总量,A070H0E,14.10
2002,酒、饮料和精制茶制造业焦炭消费总量,A070H0F,3.32
2002,烟草制品业焦炭消费总量,A070H0G,1.27
2002,纺织业焦炭消费总量,A070H0H,4.57
2002,纺织服装、服饰业焦炭消费总量,A070H0I,2.19
2002,皮革、毛皮、羽毛及其制品和制鞋业焦炭消费总量,A070H0J,1.54
2002,木材加工及木、竹、藤、棕、草制品业焦炭消费总量,A070H0K,1.56
2002,家具制造业焦炭消费总量,A070H0L,1.15
2002,造纸及纸制品业焦炭消费总量,A070H0M,1.74
2002,印刷和记录媒介复制业焦炭消费总量,A070H0N,0.26
2002,文教、工美、体育和娱乐用品制造业焦炭消费总量,A070H0O,1.71
2002,石油、煤炭及其他燃料加工业焦炭消费总量,A070H0P,68.03
2002,化学原料及化学制品制造业焦炭消费总量,A070H0Q,1277.57
2002,医药制造业焦炭消费总量,A070H0R,0.73
2002,化学纤维制造业焦炭消费总量,A070H0S,25.75
2002,橡胶和塑料制品业焦炭消费总量,A070H0T,7.56
2002,橡胶制品业焦炭消费总量,A070H0U,2.39
2002,塑料制品业焦炭消费总量,A070H0V,5.17
2002,非金属矿物制品业焦炭消费总量,A070H0W,404.44
2002,黑色金属冶炼及压延加工业焦炭消费总量,A070H0X,9687.67
2002,有色金属冶炼及压延加工业焦炭消费总量,A070H0Y,246.86
2002,金属制品业焦炭消费总量,A070H0Z,153.69
2002,通用设备制造业焦炭消费总量,A070H10,244.16
2002,专用设备制造业焦炭消费总量,A070H11,69.85
2002,汽车制造业焦炭消费总量,A070H12,43.69
2002,电气机械及器材制造业焦炭消费总量,A070H14,10.54
2002,计算机、通信和其他电子设备制造业焦炭消费总量,A070H15,0.49
2002,仪器仪表制造业焦炭消费总量,A070H16,5.72
2002,其他制造业焦炭消费总量,A070H17,28.29
2002,电力、热力、燃气及水生产和供应业焦炭消费总量,A070H1A,32.06
2002,燃气生产和供应业焦炭消费总量,A070H1C,32.06
2002,建筑业焦炭消费总量,A070H1E,23.38
2002,交通运输、仓储和邮政业焦炭消费总量,A070H1F,11.44
2002,批发和零售业、住宿和餐饮业焦炭消费总量,A070H1G,42.60
2002,其他焦炭消费总量,A070H1H,12.34
2002,居民生活焦炭消费总量,A070H1I,115.12
2003,焦炭消费总量,A070H01,15926.47
2003,农、林、牧、渔业焦炭消费总量,A070H02,73.69
2003,工业焦炭消费总量,A070H03,15649.85
2003,采矿业焦炭消费总量,A070H04,166.79
2003,煤炭开采和洗选业焦炭消费总量,A070H05,45.70
2003,石油和天然气开采业焦炭消费总量,A070H06,7.47
2003,黑色金属矿采选业焦炭消费总量,A070H07,60.29
2003,有色金属矿采选业焦炭消费总量,A070H08,30.14
2003,非金属矿采选业焦炭消费总量,A070H09,23.01
2003,其他采矿业焦炭消费总量,A070H0B,0.18
2003,制造业焦炭消费总量,A070H0C,15441.54
2003,农副食品加工业焦炭消费总量,A070H0D,15.46
2003,食品制造业焦炭消费总量,A070H0E,12.75
2003,酒、饮料和精制茶制造业焦炭消费总量,A070H0F,3.90
2003,烟草制品业焦炭消费总量,A070H0G,0.85
2003,纺织业焦炭消费总量,A070H0H,3.24
2003,纺织服装、服饰业焦炭消费总量,A070H0I,1.45
2003,皮革、毛皮、羽毛及其制品和制鞋业焦炭消费总量,A070H0J,2.72
2003,木材加工及木、竹、藤、棕、草制品业焦炭消费总量,A070H0K,2.50
2003,家具制造业焦炭消费总量,A070H0L,0.91
2003,造纸及纸制品业焦炭消费总量,A070H0M,2.12
2003,印刷和记录媒介复制业焦炭消费总量,A070H0N,0.00
2003,文教、工美、体育和娱乐用品制造业焦炭消费总量,A070H0O,1.49
2003,石油、煤炭及其他燃料加工业焦炭消费总量,A070H0P,87.92
2003,化学原料及化学制品制造业焦炭消费总量,A070H0Q,1235.22
2003,医药制造业焦炭消费总量,A070H0R,1.06
2003,化学纤维制造业焦炭消费总量,A070H0S,31.87
2003,橡胶和塑料制品业焦炭消费总量,A070H0T,3.65
2003,橡胶制品业焦炭消费总量,A070H0U,2.12
2003,塑料制品业焦炭消费总量,A070H0V,1.52
2003,非金属矿物制品业焦炭消费总量,A070H0W,322.72
2003,黑色金属冶炼及压延加工业焦炭消费总量,A070H0X,12875.99
2003,有色金属冶炼及压延加工业焦炭消费总量,A070H0Y,260.33
2003,金属制品业焦炭消费总量,A070H0Z,134.93
2003,通用设备制造业焦炭消费总量,A070H10,271.41
2003,专用设备制造业焦炭消费总量,A070H11,56.66
2003,汽车制造业焦炭消费总量,A070H12,55.75
2003,电气机械及器材制造业焦炭消费总量,A070H14,16.80
2003,计算机、通信和其他电子设备制造业焦炭消费总量,A070H15,0.00
2003,仪器仪表制造业焦炭消费总量,A070H16,7.95
2003,其他制造业焦炭消费总量,A070H17,31.87
2003,废弃资源综合利用业焦炭消费总量,A070H18,0.00
2003,电力、热力、燃气及水生产和供应业焦炭消费总量,A070H1A,41.51
2003,电力、热力的生产和供应业焦炭消费总量,A070H1B,0.00
2003,燃气生产和供应业焦炭消费总量,A070H1C,41.51
2003,水的生产和供应业焦炭消费总量,A070H1D,0.00
2003,建筑业焦炭消费总量,A070H1E,20.79
2003,交通运输、仓储和邮政业焦炭消费总量,A070H1F,10.79
2003,批发和零售业、住宿和餐饮业焦炭消费总量,A070H1G,47.46
2003,其他焦炭消费总量,A070H1H,11.39
2003,居民生活焦炭消费总量,A070H1I,112.50
2004,焦炭消费总量,A070H01,18067.01
2004,农、林、牧、渔业焦炭消费总量,A070H02,68.69
2004,工业焦炭消费总量,A070H03,17811.13
2004,采矿业焦炭消费总量,A070H04,115.20
2004,煤炭开采和洗选业焦炭消费总量,A070H05,27.87
2004,石油和天然气开采业焦炭消费总量,A070H06,0.22
2004,黑色金属矿采选业焦炭消费总量,A070H07,64.67
2004,有色金属矿采选业焦炭消费总量,A070H08,12.69
2004,非金属矿采选业焦炭消费总量,A070H09,9.75
2004,其他采矿业焦炭消费总量,A070H0B,0.00
2004,制造业焦炭消费总量,A070H0C,17619.43
2004,农副食品加工业焦炭消费总量,A070H0D,6.08
2004,食品制造业焦炭消费总量,A070H0E,4.07
2004,酒、饮料和精制茶制造业焦炭消费总量,A070H0F,1.45
2004,烟草制品业焦炭消费总量,A070H0G,0.00
2004,纺织业焦炭消费总量,A070H0H,2.27
2004,纺织服装、服饰业焦炭消费总量,A070H0I,1.01
2004,皮革、毛皮、羽毛及其制品和制鞋业焦炭消费总量,A070H0J,0.30
2004,木材加工及木、竹、藤、棕、草制品业焦炭消费总量,A070H0K,1.49
2004,家具制造业焦炭消费总量,A070H0L,1.22
2004,造纸及纸制品业焦炭消费总量,A070H0M,7.15
2004,印刷和记录媒介复制业焦炭消费总量,A070H0N,0.11
2004,文教、工美、体育和娱乐用品制造业焦炭消费总量,A070H0O,3.36
2004,石油、煤炭及其他燃料加工业焦炭消费总量,A070H0P,68.69
2004,化学原料及化学制品制造业焦炭消费总量,A070H0Q,1187.23
2004,医药制造业焦炭消费总量,A070H0R,0.86
2004,化学纤维制造业焦炭消费总量,A070H0S,36.69
2004,橡胶和塑料制品业焦炭消费总量,A070H0T,4.89
2004,橡胶制品业焦炭消费总量,A070H0U,2.91
2004,塑料制品业焦炭消费总量,A070H0V,1.98
2004,非金属矿物制品业焦炭消费总量,A070H0W,213.81
2004,黑色金属冶炼及压延加工业焦炭消费总量,A070H0X,15313.00
2004,有色金属冶炼及压延加工业焦炭消费总量,A070H0Y,273.33
2004,金属制品业焦炭消费总量,A070H0Z,76.64
2004,通用设备制造业焦炭消费总量,A070H10,268.58
2004,专用设备制造业焦炭消费总量,A070H11,60.42
2004,汽车制造业焦炭消费总量,A070H12,61.95
2004,电气机械及器材制造业焦炭消费总量,A070H14,15.60
2004,计算机、通信和其他电子设备制造业焦炭消费总量,A070H15,0.81
2004,仪器仪表制造业焦炭消费总量,A070H16,2.20
2004,其他制造业焦炭消费总量,A070H17,3.97
2004,废弃资源综合利用业焦炭消费总量,A070H18,2.25
2004,电力、热力、燃气及水生产和供应业焦炭消费总量,A070H1A,76.50
2004,电力、热力的生产和供应业焦炭消费总量,A070H1B,6.04
2004,燃气生产和供应业焦炭消费总量,A070H1C,70.40
2004,水的生产和供应业焦炭消费总量,A070H1D,0.07
2004,建筑业焦炭消费总量,A070H1E,16.79
2004,交通运输、仓储和邮政业焦炭消费总量,A070H1F,1.79
2004,批发和零售业、住宿和餐饮业焦炭消费总量,A070H1G,53.36
2004,其他焦炭消费总量,A070H1H,10.09
2004,居民生活焦炭消费总量,A070H1I,105.16
2005,焦炭消费总量,A070H01,25105.84
2005,农、林、牧、渔业焦炭消费总量,A070H02,63.47
2005,工业焦炭消费总量,A070H03,24860.92
2005,采矿业焦炭消费总量,A070H04,149.96
2005,煤炭开采和洗选业焦炭消费总量,A070H05,36.79
2005,石油和天然气开采业焦炭消费总量,A070H06,0.29
2005,黑色金属矿采选业焦炭消费总量,A070H07,83.71
2005,有色金属矿采选业焦炭消费总量,A070H08,16.32
2005,非金属矿采选业焦炭消费总量,A070H09,12.86
2005,其他采矿业焦炭消费总量,A070H0B,0.00
2005,制造业焦炭消费总量,A070H0C,24645.93
2005,农副食品加工业焦炭消费总量,A070H0D,8.52
2005,食品制造业焦炭消费总量,A070H0E,5.36
2005,酒、饮料和精制茶制造业焦炭消费总量,A070H0F,1.03
2005,烟草制品业焦炭消费总量,A070H0G,0.01
2005,纺织业焦炭消费总量,A070H0H,2.99
2005,纺织服装、服饰业焦炭消费总量,A070H0I,1.33
2005,皮革、毛皮、羽毛及其制品和制鞋业焦炭消费总量,A070H0J,0.31
2005,木材加工及木、竹、藤、棕、草制品业焦炭消费总量,A070H0K,1.81
2005,家具制造业焦炭消费总量,A070H0L,1.03
2005,造纸及纸制品业焦炭消费总量,A070H0M,4.35
2005,印刷和记录媒介复制业焦炭消费总量,A070H0N,0.15
2005,文教、工美、体育和娱乐用品制造业焦炭消费总量,A070H0O,3.57
2005,石油、煤炭及其他燃料加工业焦炭消费总量,A070H0P,76.76
2005,化学原料及化学制品制造业焦炭消费总量,A070H0Q,1724.26
2005,医药制造业焦炭消费总量,A070H0R,1.13
2005,化学纤维制造业焦炭消费总量,A070H0S,51.22
2005,橡胶和塑料制品业焦炭消费总量,A070H0T,4.39
2005,橡胶制品业焦炭消费总量,A070H0U,1.77
2005,塑料制品业焦炭消费总量,A070H0V,2.62
2005,非金属矿物制品业焦炭消费总量,A070H0W,208.27
2005,黑色金属冶炼及压延加工业焦炭消费总量,A070H0X,21429.43
2005,有色金属冶炼及压延加工业焦炭消费总量,A070H0Y,397.06
2005,金属制品业焦炭消费总量,A070H0Z,78.33
2005,通用设备制造业焦炭消费总量,A070H10,455.52
2005,专用设备制造业焦炭消费总量,A070H11,68.89
2005,汽车制造业焦炭消费总量,A070H12,93.91
2005,电气机械及器材制造业焦炭消费总量,A070H14,16.75
2005,计算机、通信和其他电子设备制造业焦炭消费总量,A070H15,0.69
2005,仪器仪表制造业焦炭消费总量,A070H16,2.75
2005,其他制造业焦炭消费总量,A070H17,3.79
2005,废弃资源综合利用业焦炭消费总量,A070H18,2.33
2005,电力、热力、燃气及水生产和供应业焦炭消费总量,A070H1A,65.03
2005,电力、热力的生产和供应业焦炭消费总量,A070H1B,6.13
2005,燃气生产和供应业焦炭消费总量,A070H1C,58.84
2005,水的生产和供应业焦炭消费总量,A070H1D,0.07
2005,建筑业焦炭消费总量,A070H1E,18.38
2005,交通运输、仓储和邮政业焦炭消费总量,A070H1F,1.07
2005,批发和零售业、住宿和餐饮业焦炭消费总量,A070H1G,64.08
2005,其他焦炭消费总量,A070H1H,7.59
2005,居民生活焦炭消费总量,A070H1I,90.33
2006,焦炭消费总量,A070H01,28297.76
2006,农、林、牧、渔业焦炭消费总量,A070H02,55.73
2006,工业焦炭消费总量,A070H03,28058.55
2006,采矿业焦炭消费总量,A070H04,239.81
2006,煤炭开采和洗选业焦炭消费总量,A070H05,87.42
2006,石油和天然气开采业焦炭消费总量,A070H06,0.11
2006,黑色金属矿采选业焦炭消费总量,A070H07,112.23
2006,有色金属矿采选业焦炭消费总量,A070H08,27.97
2006,非金属矿采选业焦炭消费总量,A070H09,12.07
2006,其他采矿业焦炭消费总量,A070H0B,0.00
2006,制造业焦炭消费总量,A070H0C,27774.02
2006,农副食品加工业焦炭消费总量,A070H0D,20.13
2006,食品制造业焦炭消费总量,A070H0E,18.12
2006,酒、饮料和精制茶制造业焦炭消费总量,A070H0F,1.60
2006,烟草制品业焦炭消费总量,A070H0G,0.99
2006,纺织业焦炭消费总量,A070H0H,7.26
2006,纺织服装、服饰业焦炭消费总量,A070H0I,1.23
2006,皮革、毛皮、羽毛及其制品和制鞋业焦炭消费总量,A070H0J,4.79
2006,木材加工及木、竹、藤、棕、草制品业焦炭消费总量,A070H0K,15.87
2006,家具制造业焦炭消费总量,A070H0L,4.10
2006,造纸及纸制品业焦炭消费总量,A070H0M,10.64
2006,印刷和记录媒介复制业焦炭消费总量,A070H0N,1.65
2006,文教、工美、体育和娱乐用品制造业焦炭消费总量,A070H0O,3.89
2006,石油、煤炭及其他燃料加工业焦炭消费总量,A070H0P,120.94
2006,化学原料及化学制品制造业焦炭消费总量,A070H0Q,2344.05
2006,医药制造业焦炭消费总量,A070H0R,6.34
2006,化学纤维制造业焦炭消费总量,A070H0S,45.84
2006,橡胶和塑料制品业焦炭消费总量,A070H0T,27.91
2006,橡胶制品业焦炭消费总量,A070H0U,1.77
2006,塑料制品业焦炭消费总量,A070H0V,2.98
2006,非金属矿物制品业焦炭消费总量,A070H0W,331.20
2006,黑色金属冶炼及压延加工业焦炭消费总量,A070H0X,23675.85
2006,有色金属冶炼及压延加工业焦炭消费总量,A070H0Y,392.36
2006,金属制品业焦炭消费总量,A070H0Z,66.59
2006,通用设备制造业焦炭消费总量,A070H10,479.64
2006,专用设备制造业焦炭消费总量,A070H11,62.96
2006,汽车制造业焦炭消费总量,A070H12,101.09
2006,电气机械及器材制造业焦炭消费总量,A070H14,22.28
2006,计算机、通信和其他电子设备制造业焦炭消费总量,A070H15,1.35
2006,仪器仪表制造业焦炭消费总量,A070H16,3.08
2006,其他制造业焦炭消费总量,A070H17,1.50
2006,废弃资源综合利用业焦炭消费总量,A070H18,0.78
2006,电力、热力、燃气及水生产和供应业焦炭消费总量,A070H1A,44.72
2006,电力、热力的生产和供应业焦炭消费总量,A070H1B,15.17
2006,燃气生产和供应业焦炭消费总量,A070H1C,29.38
2006,水的生产和供应业焦炭消费总量,A070H1D,0.17
2006,建筑业焦炭消费总量,A070H1E,18.50
2006,交通运输、仓储和邮政业焦炭消费总量,A070H1F,0.85
2006,批发和零售业、住宿和餐饮业焦炭消费总量,A070H1G,65.39
2006,其他焦炭消费总量,A070H1H,8.30
2006,居民生活焦炭消费总量,A070H1I,90.45
2007,焦炭消费总量,A070H01,31168.12
2007,农、林、牧、渔业焦炭消费总量,A070H02,57.23
2007,工业焦炭消费总量,A070H03,30932.23
2007,采矿业焦炭消费总量,A070H04,247.53
2007,煤炭开采和洗选业焦炭消费总量,A070H05,104.10
2007,石油和天然气开采业焦炭消费总量,A070H06,0.35
2007,黑色金属矿采选业焦炭消费总量,A070H07,119.02
2007,有色金属矿采选业焦炭消费总量,A070H08,15.31
2007,非金属矿采选业焦炭消费总量,A070H09,9.10
2007,其他采矿业焦炭消费总量,A070H0B,0.00
2007,制造业焦炭消费总量,A070H0C,30642.62
2007,农副食品加工业焦炭消费总量,A070H0D,15.65
2007,食品制造业焦炭消费总量,A070H0E,18.87
2007,酒、饮料和精制茶制造业焦炭消费总量,A070H0F,4.22
2007,烟草制品业焦炭消费总量,A070H0G,0.01
2007,纺织业焦炭消费总量,A070H0H,5.05
2007,纺织服装、服饰业焦炭消费总量,A070H0I,1.04
2007,皮革、毛皮、羽毛及其制品和制鞋业焦炭消费总量,A070H0J,5.78
2007,木材加工及木、竹、藤、棕、草制品业焦炭消费总量,A070H0K,16.05
2007,家具制造业焦炭消费总量,A070H0L,4.14
2007,造纸及纸制品业焦炭消费总量,A070H0M,6.53
2007,印刷和记录媒介复制业焦炭消费总量,A070H0N,0.41
2007,文教、工美、体育和娱乐用品制造业焦炭消费总量,A070H0O,5.19
2007,石油、煤炭及其他燃料加工业焦炭消费总量,A070H0P,169.32
2007,化学原料及化学制品制造业焦炭消费总量,A070H0Q,2509.87
2007,医药制造业焦炭消费总量,A070H0R,7.14
2007,化学纤维制造业焦炭消费总量,A070H0S,37.52
2007,橡胶和塑料制品业焦炭消费总量,A070H0T,14.11
2007,橡胶制品业焦炭消费总量,A070H0U,1.95
2007,塑料制品业焦炭消费总量,A070H0V,3.29
2007,非金属矿物制品业焦炭消费总量,A070H0W,341.96
2007,黑色金属冶炼及压延加工业焦炭消费总量,A070H0X,26102.03
2007,有色金属冶炼及压延加工业焦炭消费总量,A070H0Y,492.04
2007,金属制品业焦炭消费总量,A070H0Z,75.18
2007,通用设备制造业焦炭消费总量,A070H10,573.79
2007,专用设备制造业焦炭消费总量,A070H11,68.32
2007,汽车制造业焦炭消费总量,A070H12,139.25
2007,电气机械及器材制造业焦炭消费总量,A070H14,19.15
2007,计算机、通信和其他电子设备制造业焦炭消费总量,A070H15,2.25
2007,仪器仪表制造业焦炭消费总量,A070H16,2.84
2007,其他制造业焦炭消费总量,A070H17,1.91
2007,废弃资源综合利用业焦炭消费总量,A070H18,3.05
2007,电力、热力、燃气及水生产和供应业焦炭消费总量,A070H1A,42.08
2007,电力、热力的生产和供应业焦炭消费总量,A070H1B,10.24
2007,燃气生产和供应业焦炭消费总量,A070H1C,31.76
2007,水的生产和供应业焦炭消费总量,A070H1D,0.08
2007,建筑业焦炭消费总量,A070H1E,17.48
2007,交通运输、仓储和邮政业焦炭消费总量,A070H1F,0.55
2007,批发和零售业、住宿和餐饮业焦炭消费总量,A070H1G,71.00
2007,其他焦炭消费总量,A070H1H,8.23
2007,居民生活焦炭消费总量,A070H1I,81.40
2008,焦炭消费总量,A070H01,32120.24
2008,农、林、牧、渔业焦炭消费总量,A070H02,53.14
2008,工业焦炭消费总量,A070H03,31976.70
2008,采矿业焦炭消费总量,A070H04,212.38
2008,煤炭开采和洗选业焦炭消费总量,A070H05,89.88
2008,石油和天然气开采业焦炭消费总量,A070H06,0.01
2008,黑色金属矿采选业焦炭消费总量,A070H07,102.92
2008,有色金属矿采选业焦炭消费总量,A070H08,12.17
2008,非金属矿采选业焦炭消费总量,A070H09,7.40
2008,其他采矿业焦炭消费总量,A070H0B,0.00
2008,制造业焦炭消费总量,A070H0C,31727.97
2008,农副食品加工业焦炭消费总量,A070H0D,23.18
2008,食品制造业焦炭消费总量,A070H0E,25.09
2008,酒、饮料和精制茶制造业焦炭消费总量,A070H0F,2.74
2008,烟草制品业焦炭消费总量,A070H0G,0.83
2008,纺织业焦炭消费总量,A070H0H,7.45
2008,纺织服装、服饰业焦炭消费总量,A070H0I,4.13
2008,皮革、毛皮、羽毛及其制品和制鞋业焦炭消费总量,A070H0J,2.15
2008,木材加工及木、竹、藤、棕、草制品业焦炭消费总量,A070H0K,18.07
2008,家具制造业焦炭消费总量,A070H0L,3.37
2008,造纸及纸制品业焦炭消费总量,A070H0M,7.30
2008,印刷和记录媒介复制业焦炭消费总量,A070H0N,0.32
2008,文教、工美、体育和娱乐用品制造业焦炭消费总量,A070H0O,5.30
2008,石油、煤炭及其他燃料加工业焦炭消费总量,A070H0P,160.78
2008,化学原料及化学制品制造业焦炭消费总量,A070H0Q,2508.82
2008,医药制造业焦炭消费总量,A070H0R,7.62
2008,化学纤维制造业焦炭消费总量,A070H0S,10.31
2008,橡胶和塑料制品业焦炭消费总量,A070H0T,19.03
2008,橡胶制品业焦炭消费总量,A070H0U,2.50
2008,塑料制品业焦炭消费总量,A070H0V,4.38
2008,非金属矿物制品业焦炭消费总量,A070H0W,351.35
2008,黑色金属冶炼及压延加工业焦炭消费总量,A070H0X,27059.57
2008,有色金属冶炼及压延加工业焦炭消费总量,A070H0Y,498.07
2008,金属制品业焦炭消费总量,A070H0Z,90.83
2008,通用设备制造业焦炭消费总量,A070H10,623.50
2008,专用设备制造业焦炭消费总量,A070H11,68.85
2008,汽车制造业焦炭消费总量,A070H12,187.96
2008,电气机械及器材制造业焦炭消费总量,A070H14,25.78
2008,计算机、通信和其他电子设备制造业焦炭消费总量,A070H15,2.51
2008,仪器仪表制造业焦炭消费总量,A070H16,3.77
2008,其他制造业焦炭消费总量,A070H17,2.18
2008,废弃资源综合利用业焦炭消费总量,A070H18,7.13
2008,电力、热力、燃气及水生产和供应业焦炭消费总量,A070H1A,36.35
2008,电力、热力的生产和供应业焦炭消费总量,A070H1B,7.13
2008,燃气生产和供应业焦炭消费总量,A070H1C,29.15
2008,水的生产和供应业焦炭消费总量,A070H1D,0.07
2008,建筑业焦炭消费总量,A070H1E,10.70
2008,交通运输、仓储和邮政业焦炭消费总量,A070H1F,0.29
2008,批发和零售业、住宿和餐饮业焦炭消费总量,A070H1G,7.54
2008,其他焦炭消费总量,A070H1H,6.93
2008,居民生活焦炭消费总量,A070H1I,64.93
2009,焦炭消费总量,A070H01,36349.97
2009,农、林、牧、渔业焦炭消费总量,A070H02,44.59
2009,工业焦炭消费总量,A070H03,36243.32
2009,采矿业焦炭消费总量,A070H04,155.75
2009,煤炭开采和洗选业焦炭消费总量,A070H05,48.81
2009,石油和天然气开采业焦炭消费总量,A070H06,0.00
2009,黑色金属矿采选业焦炭消费总量,A070H07,83.82
2009,有色金属矿采选业焦炭消费总量,A070H08,14.89
2009,非金属矿采选业焦炭消费总量,A070H09,8.22
2009,其他采矿业焦炭消费总量,A070H0B,0.00
2009,制造业焦炭消费总量,A070H0C,36055.23
2009,农副食品加工业焦炭消费总量,A070H0D,16.71
2009,食品制造业焦炭消费总量,A070H0E,21.62
2009,酒、饮料和精制茶制造业焦炭消费总量,A070H0F,2.26
2009,烟草制品业焦炭消费总量,A070H0G,0.00
2009,纺织业焦炭消费总量,A070H0H,4.10
2009,纺织服装、服饰业焦炭消费总量,A070H0I,1.40
2009,皮革、毛皮、羽毛及其制品和制鞋业焦炭消费总量,A070H0J,2.83
2009,木材加工及木、竹、藤、棕、草制品业焦炭消费总量,A070H0K,16.27
2009,家具制造业焦炭消费总量,A070H0L,3.00
2009,造纸及纸制品业焦炭消费总量,A070H0M,4.35
2009,印刷和记录媒介复制业焦炭消费总量,A070H0N,0.56
2009,文教、工美、体育和娱乐用品制造业焦炭消费总量,A070H0O,5.06
2009,石油、煤炭及其他燃料加工业焦炭消费总量,A070H0P,112.20
2009,化学原料及化学制品制造业焦炭消费总量,A070H0Q,2485.35
2009,医药制造业焦炭消费总量,A070H0R,5.85
2009,化学纤维制造业焦炭消费总量,A070H0S,3.19
2009,橡胶和塑料制品业焦炭消费总量,A070H0T,18.58
2009,橡胶制品业焦炭消费总量,A070H0U,3.25
2009,塑料制品业焦炭消费总量,A070H0V,3.07
2009,非金属矿物制品业焦炭消费总量,A070H0W,368.16
2009,黑色金属冶炼及压延加工业焦炭消费总量,A070H0X,31252.55
2009,有色金属冶炼及压延加工业焦炭消费总量,A070H0Y,646.48
2009,金属制品业焦炭消费总量,A070H0Z,98.22
2009,通用设备制造业焦炭消费总量,A070H10,663.64
2009,专用设备制造业焦炭消费总量,A070H11,77.14
2009,汽车制造业焦炭消费总量,A070H12,194.33
2009,电气机械及器材制造业焦炭消费总量,A070H14,23.21
2009,计算机、通信和其他电子设备制造业焦炭消费总量,A070H15,8.08
2009,仪器仪表制造业焦炭消费总量,A070H16,8.32
2009,其他制造业焦炭消费总量,A070H17,1.81
2009,废弃资源综合利用业焦炭消费总量,A070H18,9.98
2009,电力、热力、燃气及水生产和供应业焦炭消费总量,A070H1A,32.34
2009,电力、热力的生产和供应业焦炭消费总量,A070H1B,8.13
2009,燃气生产和供应业焦炭消费总量,A070H1C,24.02
2009,水的生产和供应业焦炭消费总量,A070H1D,0.19
2009,建筑业焦炭消费总量,A070H1E,5.68
2009,交通运输、仓储和邮政业焦炭消费总量,A070H1F,0.14
2009,批发和零售业、住宿和餐饮业焦炭消费总量,A070H1G,3.94
2009,其他焦炭消费总量,A070H1H,3.46
2009,居民生活焦炭消费总量,A070H1I,48.84
2010,焦炭消费总量,A070H01,38702.79
2010,农、林、牧、渔业焦炭消费总量,A070H02,46.82
2010,工业焦炭消费总量,A070H03,38598.68
2010,采矿业焦炭消费总量,A070H04,421.06
2010,煤炭开采和洗选业焦炭消费总量,A070H05,43.11
2010,石油和天然气开采业焦炭消费总量,A070H06,0.16
2010,黑色金属矿采选业焦炭消费总量,A070H07,352.56
2010,有色金属矿采选业焦炭消费总量,A070H08,15.75
2010,非金属矿采选业焦炭消费总量,A070H09,9.48
2010,其他采矿业焦炭消费总量,A070H0B,0.00
2010,制造业焦炭消费总量,A070H0C,38154.81
2010,农副食品加工业焦炭消费总量,A070H0D,14.73
2010,食品制造业焦炭消费总量,A070H0E,3.01
2010,酒、饮料和精制茶制造业焦炭消费总量,A070H0F,0.68
2010,烟草制品业焦炭消费总量,A070H0G,0.00
2010,纺织业焦炭消费总量,A070H0H,5.10
2010,纺织服装、服饰业焦炭消费总量,A070H0I,3.76
2010,皮革、毛皮、羽毛及其制品和制鞋业焦炭消费总量,A070H0J,1.49
2010,木材加工及木、竹、藤、棕、草制品业焦炭消费总量,A070H0K,1.78
2010,家具制造业焦炭消费总量,A070H0L,4.51
2010,造纸及纸制品业焦炭消费总量,A070H0M,2.19
2010,印刷和记录媒介复制业焦炭消费总量,A070H0N,0.27
2010,文教、工美、体育和娱乐用品制造业焦炭消费总量,A070H0O,3.82
2010,石油、煤炭及其他燃料加工业焦炭消费总量,A070H0P,93.45
2010,化学原料及化学制品制造业焦炭消费总量,A070H0Q,2475.30
2010,医药制造业焦炭消费总量,A070H0R,3.15
2010,化学纤维制造业焦炭消费总量,A070H0S,2.39
2010,橡胶和塑料制品业焦炭消费总量,A070H0T,15.40
2010,橡胶制品业焦炭消费总量,A070H0U,2.93
2010,塑料制品业焦炭消费总量,A070H0V,4.04
2010,非金属矿物制品业焦炭消费总量,A070H0W,385.72
2010,黑色金属冶炼及压延加工业焦炭消费总量,A070H0X,33448.46
2010,有色金属冶炼及压延加工业焦炭消费总量,A070H0Y,591.98
2010,金属制品业焦炭消费总量,A070H0Z,75.56
2010,通用设备制造业焦炭消费总量,A070H10,657.06
2010,专用设备制造业焦炭消费总量,A070H11,125.61
2010,汽车制造业焦炭消费总量,A070H12,168.87
2010,电气机械及器材制造业焦炭消费总量,A070H14,26.63
2010,计算机、通信和其他电子设备制造业焦炭消费总量,A070H15,11.50
2010,仪器仪表制造业焦炭消费总量,A070H16,5.73
2010,其他制造业焦炭消费总量,A070H17,2.13
2010,废弃资源综合利用业焦炭消费总量,A070H18,24.52
2010,电力、热力、燃气及水生产和供应业焦炭消费总量,A070H1A,22.82
2010,电力、热力的生产和供应业焦炭消费总量,A070H1B,4.01
2010,燃气生产和供应业焦炭消费总量,A070H1C,18.56
2010,水的生产和供应业焦炭消费总量,A070H1D,0.25
2010,建筑业焦炭消费总量,A070H1E,5.81
2010,交通运输、仓储和邮政业焦炭消费总量,A070H1F,0.12
2010,批发和零售业、住宿和餐饮业焦炭消费总量,A070H1G,5.10
2010,其他焦炭消费总量,A070H1H,2.77
2010,居民生活焦炭消费总量,A070H1I,43.49
2011,焦炭消费总量,A070H01,42063.28
2011,农、林、牧、渔业焦炭消费总量,A070H02,54.05
2011,工业焦炭消费总量,A070H03,41952.08
2011,采矿业焦炭消费总量,A070H04,258.38
2011,煤炭开采和洗选业焦炭消费总量,A070H05,51.50
2011,石油和天然气开采业焦炭消费总量,A070H06,0.00
2011,黑色金属矿采选业焦炭消费总量,A070H07,185.35
2011,有色金属矿采选业焦炭消费总量,A070H08,13.92
2011,非金属矿采选业焦炭消费总量,A070H09,7.61
2011,其他采矿业焦炭消费总量,A070H0B,0.00
2011,制造业焦炭消费总量,A070H0C,41670.01
2011,农副食品加工业焦炭消费总量,A070H0D,13.72
2011,食品制造业焦炭消费总量,A070H0E,2.54
2011,酒、饮料和精制茶制造业焦炭消费总量,A070H0F,0.80
2011,烟草制品业焦炭消费总量,A070H0G,0.00
2011,纺织业焦炭消费总量,A070H0H,3.92
2011,纺织服装、服饰业焦炭消费总量,A070H0I,5.20
2011,皮革、毛皮、羽毛及其制品和制鞋业焦炭消费总量,A070H0J,0.91
2011,木材加工及木、竹、藤、棕、草制品业焦炭消费总量,A070H0K,0.61
2011,家具制造业焦炭消费总量,A070H0L,4.52
2011,造纸及纸制品业焦炭消费总量,A070H0M,1.92
2011,印刷和记录媒介复制业焦炭消费总量,A070H0N,0.30
2011,文教、工美、体育和娱乐用品制造业焦炭消费总量,A070H0O,3.59
2011,石油、煤炭及其他燃料加工业焦炭消费总量,A070H0P,83.93
2011,化学原料及化学制品制造业焦炭消费总量,A070H0Q,2931.62
2011,医药制造业焦炭消费总量,A070H0R,2.59
2011,化学纤维制造业焦炭消费总量,A070H0S,1.62
2011,橡胶和塑料制品业焦炭消费总量,A070H0T,10.67
2011,橡胶制品业焦炭消费总量,A070H0U,2.34
2011,塑料制品业焦炭消费总量,A070H0V,3.88
2011,非金属矿物制品业焦炭消费总量,A070H0W,903.50
2011,黑色金属冶炼及压延加工业焦炭消费总量,A070H0X,35448.98
2011,有色金属冶炼及压延加工业焦炭消费总量,A070H0Y,683.44
2011,金属制品业焦炭消费总量,A070H0Z,65.12
2011,通用设备制造业焦炭消费总量,A070H10,1182.11
2011,专用设备制造业焦炭消费总量,A070H11,78.19
2011,汽车制造业焦炭消费总量,A070H12,175.99
2011,电气机械及器材制造业焦炭消费总量,A070H14,24.83
2011,计算机、通信和其他电子设备制造业焦炭消费总量,A070H15,7.58
2011,仪器仪表制造业焦炭消费总量,A070H16,4.39
2011,其他制造业焦炭消费总量,A070H17,2.54
2011,废弃资源综合利用业焦炭消费总量,A070H18,24.88
2011,电力、热力、燃气及水生产和供应业焦炭消费总量,A070H1A,23.69
2011,电力、热力的生产和供应业焦炭消费总量,A070H1B,7.63
2011,燃气生产和供应业焦炭消费总量,A070H1C,15.76
2011,水的生产和供应业焦炭消费总量,A070H1D,0.30
2011,建筑业焦炭消费总量,A070H1E,4.81
2011,交通运输、仓储和邮政业焦炭消费总量,A070H1F,0.09
2011,批发和零售业、住宿和餐饮业焦炭消费总量,A070H1G,9.24
2011,其他焦炭消费总量,A070H1H,1.94
2011,居民生活焦炭消费总量,A070H1I,41.08
2012,焦炭消费总量,A070H01,44805.23
2012,农、林、牧、渔业焦炭消费总量,A070H02,57.48
2012,工业焦炭消费总量,A070H03,44694.82
2012,采矿业焦炭消费总量,A070H04,250.86
2012,煤炭开采和洗选业焦炭消费总量,A070H05,65.41
2012,黑色金属矿采选业焦炭消费总量,A070H07,125.54
2012,有色金属矿采选业焦炭消费总量,A070H08,13.81
2012,非金属矿采选业焦炭消费总量,A070H09,46.10
2012,制造业焦炭消费总量,A070H0C,44435.94
2012,农副食品加工业焦炭消费总量,A070H0D,11.52
2012,食品制造业焦炭消费总量,A070H0E,1.90
2012,酒、饮料和精制茶制造业焦炭消费总量,A070H0F,0.97
2012,纺织业焦炭消费总量,A070H0H,3.08
2012,纺织服装、服饰业焦炭消费总量,A070H0I,2.69
2012,皮革、毛皮、羽毛及其制品和制鞋业焦炭消费总量,A070H0J,0.80
2012,木材加工及木、竹、藤、棕、草制品业焦炭消费总量,A070H0K,0.37
2012,家具制造业焦炭消费总量,A070H0L,3.79
2012,造纸及纸制品业焦炭消费总量,A070H0M,0.51
2012,印刷和记录媒介复制业焦炭消费总量,A070H0N,0.33
2012,文教、工美、体育和娱乐用品制造业焦炭消费总量,A070H0O,4.67
2012,石油、煤炭及其他燃料加工业焦炭消费总量,A070H0P,73.65
2012,化学原料及化学制品制造业焦炭消费总量,A070H0Q,3104.78
2012,医药制造业焦炭消费总量,A070H0R,1.62
2012,化学纤维制造业焦炭消费总量,A070H0S,0.54
2012,橡胶和塑料制品业焦炭消费总量,A070H0T,4.12
2012,非金属矿物制品业焦炭消费总量,A070H0W,986.74
2012,黑色金属冶炼及压延加工业焦炭消费总量,A070H0X,38367.18
2012,有色金属冶炼及压延加工业焦炭消费总量,A070H0Y,617.04
2012,金属制品业焦炭消费总量,A070H0Z,104.25
2012,通用设备制造业焦炭消费总量,A070H10,838.92
2012,专用设备制造业焦炭消费总量,A070H11,45.41
2012,汽车制造业焦炭消费总量,A070H12,185.01
2012,铁路、船舶、航空航天和其他运输设备制造业焦炭消费总量,A070H13,12.33
2012,电气机械及器材制造业焦炭消费总量,A070H14,17.90
2012,计算机、通信和其他电子设备制造业焦炭消费总量,A070H15,8.64
2012,仪器仪表制造业焦炭消费总量,A070H16,4.17
2012,其他制造业焦炭消费总量,A070H17,0.50
2012,废弃资源综合利用业焦炭消费总量,A070H18,20.04
2012,金属制品、机械和设备修理业焦炭消费总量,A070H19,12.47
2012,电力、热力、燃气及水生产和供应业焦炭消费总量,A070H1A,8.02
2012,电力、热力的生产和供应业焦炭消费总量,A070H1B,0.49
2012,燃气生产和供应业焦炭消费总量,A070H1C,7.49
2012,水的生产和供应业焦炭消费总量,A070H1D,0.04
2012,建筑业焦炭消费总量,A070H1E,6.31
2012,交通运输、仓储和邮政业焦炭消费总量,A070H1F,0.09
2012,批发和零售业、住宿和餐饮业焦炭消费总量,A070H1G,6.66
2012,其他焦炭消费总量,A070H1H,1.94
2012,居民生活焦炭消费总量,A070H1I,37.93
2013,焦炭消费总量,A070H01,45851.87
2013,农、林、牧、渔业焦炭消费总量,A070H02,69.17
2013,工业焦炭消费总量,A070H03,45693.96
2013,采矿业焦炭消费总量,A070H04,281.78
2013,煤炭开采和洗选业焦炭消费总量,A070H05,80.45
2013,黑色金属矿采选业焦炭消费总量,A070H07,180.04
2013,有色金属矿采选业焦炭消费总量,A070H08,10.22
2013,非金属矿采选业焦炭消费总量,A070H09,11.05
2013,开采专业及辅助性活动焦炭消费总量,A070H0A,0.02
2013,制造业焦炭消费总量,A070H0C,45401.13
2013,农副食品加工业焦炭消费总量,A070H0D,9.94
2013,食品制造业焦炭消费总量,A070H0E,2.27
2013,酒、饮料和精制茶制造业焦炭消费总量,A070H0F,0.90
2013,纺织业焦炭消费总量,A070H0H,2.81
2013,纺织服装、服饰业焦炭消费总量,A070H0I,1.58
2013,皮革、毛皮、羽毛及其制品和制鞋业焦炭消费总量,A070H0J,0.81
2013,木材加工及木、竹、藤、棕、草制品业焦炭消费总量,A070H0K,0.39
2013,家具制造业焦炭消费总量,A070H0L,2.39
2013,造纸及纸制品业焦炭消费总量,A070H0M,0.61
2013,印刷和记录媒介复制业焦炭消费总量,A070H0N,0.27
2013,文教、工美、体育和娱乐用品制造业焦炭消费总量,A070H0O,4.08
2013,石油、煤炭及其他燃料加工业焦炭消费总量,A070H0P,67.53
2013,化学原料及化学制品制造业焦炭消费总量,A070H0Q,3200.02
2013,医药制造业焦炭消费总量,A070H0R,0.99
2013,化学纤维制造业焦炭消费总量,A070H0S,0.25
2013,橡胶和塑料制品业焦炭消费总量,A070H0T,3.32
2013,非金属矿物制品业焦炭消费总量,A070H0W,1047.55
2013,黑色金属冶炼及压延加工业焦炭消费总量,A070H0X,39313.48
2013,有色金属冶炼及压延加工业焦炭消费总量,A070H0Y,585.90
2013,金属制品业焦炭消费总量,A070H0Z,141.36
2013,通用设备制造业焦炭消费总量,A070H10,694.73
2013,专用设备制造业焦炭消费总量,A070H11,53.50
2013,汽车制造业焦炭消费总量,A070H12,198.93
2013,铁路、船舶、航空航天和其他运输设备制造业焦炭消费总量,A070H13,8.00
2013,电气机械及器材制造业焦炭消费总量,A070H14,17.43
2013,计算机、通信和其他电子设备制造业焦炭消费总量,A070H15,10.74
2013,仪器仪表制造业焦炭消费总量,A070H16,5.25
2013,其他制造业焦炭消费总量,A070H17,0.33
2013,废弃资源综合利用业焦炭消费总量,A070H18,25.65
2013,金属制品、机械和设备修理业焦炭消费总量,A070H19,0.12
2013,电力、热力、燃气及水生产和供应业焦炭消费总量,A070H1A,11.05
2013,电力、热力的生产和供应业焦炭消费总量,A070H1B,6.60
2013,燃气生产和供应业焦炭消费总量,A070H1C,4.40
2013,水的生产和供应业焦炭消费总量,A070H1D,0.05
2013,建筑业焦炭消费总量,A070H1E,7.69
2013,交通运输、仓储和邮政业焦炭消费总量,A070H1F,2.21
2013,批发和零售业、住宿和餐饮业焦炭消费总量,A070H1G,35.83
2013,其他焦炭消费总量,A070H1H,4.97
2013,居民生活焦炭消费总量,A070H1I,38.04
2014,焦炭消费总量,A070H01,46885.00
2014,农、林、牧、渔业焦炭消费总量,A070H02,35.00
2014,工业焦炭消费总量,A070H03,46750.00
2014,采矿业焦炭消费总量,A070H04,292.00
2014,煤炭开采和洗选业焦炭消费总量,A070H05,88.00
2014,黑色金属矿采选业焦炭消费总量,A070H07,187.00
2014,有色金属矿采选业焦炭消费总量,A070H08,10.00
2014,非金属矿采选业焦炭消费总量,A070H09,7.00
2014,开采专业及辅助性活动焦炭消费总量,A070H0A,0.03
2014,制造业焦炭消费总量,A070H0C,46406.00
2014,农副食品加工业焦炭消费总量,A070H0D,10.00
2014,食品制造业焦炭消费总量,A070H0E,3.00
2014,酒、饮料和精制茶制造业焦炭消费总量,A070H0F,1.00
2014,纺织业焦炭消费总量,A070H0H,2.00
2014,纺织服装、服饰业焦炭消费总量,A070H0I,1.00
2014,皮革、毛皮、羽毛及其制品和制鞋业焦炭消费总量,A070H0J,1.00
2014,木材加工及木、竹、藤、棕、草制品业焦炭消费总量,A070H0K,1.00
2014,家具制造业焦炭消费总量,A070H0L,2.00
2014,造纸及纸制品业焦炭消费总量,A070H0M,1.00
2014,印刷和记录媒介复制业焦炭消费总量,A070H0N,0.46
2014,文教、工美、体育和娱乐用品制造业焦炭消费总量,A070H0O,4.00
2014,石油、煤炭及其他燃料加工业焦炭消费总量,A070H0P,46.00
2014,化学原料及化学制品制造业焦炭消费总量,A070H0Q,3419.00
2014,医药制造业焦炭消费总量,A070H0R,1.00
2014,化学纤维制造业焦炭消费总量,A070H0S,0.36
2014,橡胶和塑料制品业焦炭消费总量,A070H0T,5.00
2014,非金属矿物制品业焦炭消费总量,A070H0W,1040.00
2014,黑色金属冶炼及压延加工业焦炭消费总量,A070H0X,40146.00
2014,有色金属冶炼及压延加工业焦炭消费总量,A070H0Y,622.00
2014,金属制品业焦炭消费总量,A070H0Z,100.00
2014,通用设备制造业焦炭消费总量,A070H10,699.00
2014,专用设备制造业焦炭消费总量,A070H11,75.00
2014,汽车制造业焦炭消费总量,A070H12,162.00
2014,铁路、船舶、航空航天和其他运输设备制造业焦炭消费总量,A070H13,7.00
2014,电气机械及器材制造业焦炭消费总量,A070H14,14.00
2014,计算机、通信和其他电子设备制造业焦炭消费总量,A070H15,12.00
2014,仪器仪表制造业焦炭消费总量,A070H16,4.00
2014,其他制造业焦炭消费总量,A070H17,0.25
2014,废弃资源综合利用业焦炭消费总量,A070H18,27.00
2014,金属制品、机械和设备修理业焦炭消费总量,A070H19,0.09
2014,电力、热力、燃气及水生产和供应业焦炭消费总量,A070H1A,51.00
2014,电力、热力的生产和供应业焦炭消费总量,A070H1B,49.00
2014,燃气生产和供应业焦炭消费总量,A070H1C,2.00
2014,水的生产和供应业焦炭消费总量,A070H1D,0.02
2014,建筑业焦炭消费总量,A070H1E,10.00
2014,交通运输、仓储和邮政业焦炭消费总量,A070H1F,3.00
2014,批发和零售业、住宿和餐饮业焦炭消费总量,A070H1G,47.00
2014,其他焦炭消费总量,A070H1H,5.00
2014,居民生活焦炭消费总量,A070H1I,36.00
2015,焦炭消费总量,A070H01,44059.00
2015,农、林、牧、渔业焦炭消费总量,A070H02,49.00
2015,工业焦炭消费总量,A070H03,43923.00
2015,采矿业焦炭消费总量,A070H04,236.00
2015,煤炭开采和洗选业焦炭消费总量,A070H05,63.00
2015,黑色金属矿采选业焦炭消费总量,A070H07,158.00
2015,有色金属矿采选业焦炭消费总量,A070H08,9.00
2015,非金属矿采选业焦炭消费总量,A070H09,7.00
2015,制造业焦炭消费总量,A070H0C,43646.00
2015,农副食品加工业焦炭消费总量,A070H0D,141.00
2015,食品制造业焦炭消费总量,A070H0E,3.00
2015,酒、饮料和精制茶制造业焦炭消费总量,A070H0F,1.00
2015,纺织业焦炭消费总量,A070H0H,2.00
2015,纺织服装、服饰业焦炭消费总量,A070H0I,2.00
2015,木材加工及木、竹、藤、棕、草制品业焦炭消费总量,A070H0K,1.00
2015,家具制造业焦炭消费总量,A070H0L,2.00
2015,造纸及纸制品业焦炭消费总量,A070H0M,1.00
2015,文教、工美、体育和娱乐用品制造业焦炭消费总量,A070H0O,3.00
2015,石油、煤炭及其他燃料加工业焦炭消费总量,A070H0P,65.00
2015,化学原料及化学制品制造业焦炭消费总量,A070H0Q,3579.00
2015,医药制造业焦炭消费总量,A070H0R,1.00
2015,橡胶和塑料制品业焦炭消费总量,A070H0T,3.00
2015,非金属矿物制品业焦炭消费总量,A070H0W,904.00
2015,黑色金属冶炼及压延加工业焦炭消费总量,A070H0X,37336.00
2015,有色金属冶炼及压延加工业焦炭消费总量,A070H0Y,565.00
2015,金属制品业焦炭消费总量,A070H0Z,100.00
2015,通用设备制造业焦炭消费总量,A070H10,684.00
2015,专用设备制造业焦炭消费总量,A070H11,68.00
2015,汽车制造业焦炭消费总量,A070H12,129.00
2015,铁路、船舶、航空航天和其他运输设备制造业焦炭消费总量,A070H13,3.00
2015,电气机械及器材制造业焦炭消费总量,A070H14,12.00
2015,计算机、通信和其他电子设备制造业焦炭消费总量,A070H15,14.00
2015,仪器仪表制造业焦炭消费总量,A070H16,3.00
2015,废弃资源综合利用业焦炭消费总量,A070H18,22.00
2015,电力、热力、燃气及水生产和供应业焦炭消费总量,A070H1A,40.00
2015,电力、热力的生产和供应业焦炭消费总量,A070H1B,39.00
2015,燃气生产和供应业焦炭消费总量,A070H1C,2.00
2015,建筑业焦炭消费总量,A070H1E,7.00
2015,交通运输、仓储和邮政业焦炭消费总量,A070H1F,3.00
2015,批发和零售业、住宿和餐饮业焦炭消费总量,A070H1G,40.00
2015,其他焦炭消费总量,A070H1H,5.00
2015,居民生活焦炭消费总量,A070H1I,31.00
2016,焦炭消费总量,A070H01,45462.00
2016,农、林、牧、渔业焦炭消费总量,A070H02,53.00
2016,工业焦炭消费总量,A070H03,45325.00
2016,采矿业焦炭消费总量,A070H04,243.00
2016,煤炭开采和洗选业焦炭消费总量,A070H05,75.00
2016,黑色金属矿采选业焦炭消费总量,A070H07,153.00
2016,有色金属矿采选业焦炭消费总量,A070H08,5.00
2016,非金属矿采选业焦炭消费总量,A070H09,10.00
2016,制造业焦炭消费总量,A070H0C,45045.00
2016,农副食品加工业焦炭消费总量,A070H0D,143.00
2016,食品制造业焦炭消费总量,A070H0E,2.00
2016,酒、饮料和精制茶制造业焦炭消费总量,A070H0F,1.00
2016,纺织业焦炭消费总量,A070H0H,1.00
2016,纺织服装、服饰业焦炭消费总量,A070H0I,2.00
2016,木材加工及木、竹、藤、棕、草制品业焦炭消费总量,A070H0K,1.00
2016,家具制造业焦炭消费总量,A070H0L,1.00
2016,造纸及纸制品业焦炭消费总量,A070H0M,1.00
2016,文教、工美、体育和娱乐用品制造业焦炭消费总量,A070H0O,3.00
2016,石油、煤炭及其他燃料加工业焦炭消费总量,A070H0P,32.00
2016,化学原料及化学制品制造业焦炭消费总量,A070H0Q,3997.00
2016,医药制造业焦炭消费总量,A070H0R,1.00
2016,化学纤维制造业焦炭消费总量,A070H0S,17.00
2016,橡胶和塑料制品业焦炭消费总量,A070H0T,2.00
2016,非金属矿物制品业焦炭消费总量,A070H0W,881.00
2016,黑色金属冶炼及压延加工业焦炭消费总量,A070H0X,38439.00
2016,有色金属冶炼及压延加工业焦炭消费总量,A070H0Y,528.00
2016,金属制品业焦炭消费总量,A070H0Z,66.00
2016,通用设备制造业焦炭消费总量,A070H10,686.00
2016,专用设备制造业焦炭消费总量,A070H11,71.00
2016,汽车制造业焦炭消费总量,A070H12,123.00
2016,铁路、船舶、航空航天和其他运输设备制造业焦炭消费总量,A070H13,2.00
2016,电气机械及器材制造业焦炭消费总量,A070H14,7.00
2016,计算机、通信和其他电子设备制造业焦炭消费总量,A070H15,14.00
2016,仪器仪表制造业焦炭消费总量,A070H16,2.00
2016,其他制造业焦炭消费总量,A070H17,3.00
2016,废弃资源综合利用业焦炭消费总量,A070H18,16.00
2016,电力、热力、燃气及水生产和供应业焦炭消费总量,A070H1A,37.00
2016,电力、热力的生产和供应业焦炭消费总量,A070H1B,35.00
2016,燃气生产和供应业焦炭消费总量,A070H1C,2.00
2016,建筑业焦炭消费总量,A070H1E,7.00
2016,交通运输、仓储和邮政业焦炭消费总量,A070H1F,3.00
2016,批发和零售业、住宿和餐饮业焦炭消费总量,A070H1G,41.00
2016,其他焦炭消费总量,A070H1H,6.00
2016,居民生活焦炭消费总量,A070H1I,27.00
2017,焦炭消费总量,A070H01,43743.00
2017,农、林、牧、渔业焦炭消费总量,A070H02,38.00
2017,工业焦炭消费总量,A070H03,43609.00
2017,采矿业焦炭消费总量,A070H04,203.00
2017,煤炭开采和洗选业焦炭消费总量,A070H05,75.00
2017,黑色金属矿采选业焦炭消费总量,A070H07,116.00
2017,有色金属矿采选业焦炭消费总量,A070H08,3.00
2017,非金属矿采选业焦炭消费总量,A070H09,8.00
2017,制造业焦炭消费总量,A070H0C,43366.00
2017,农副食品加工业焦炭消费总量,A070H0D,138.00
2017,食品制造业焦炭消费总量,A070H0E,2.00
2017,酒、饮料和精制茶制造业焦炭消费总量,A070H0F,1.00
2017,纺织业焦炭消费总量,A070H0H,1.00
2017,纺织服装、服饰业焦炭消费总量,A070H0I,1.00
2017,家具制造业焦炭消费总量,A070H0L,1.00
2017,文教、工美、体育和娱乐用品制造业焦炭消费总量,A070H0O,4.00
2017,石油、煤炭及其他燃料加工业焦炭消费总量,A070H0P,41.00
2017,化学原料及化学制品制造业焦炭消费总量,A070H0Q,3674.00
2017,医药制造业焦炭消费总量,A070H0R,2.00
2017,化学纤维制造业焦炭消费总量,A070H0S,17.00
2017,橡胶和塑料制品业焦炭消费总量,A070H0T,1.00
2017,非金属矿物制品业焦炭消费总量,A070H0W,773.00
2017,黑色金属冶炼及压延加工业焦炭消费总量,A070H0X,37521.00
2017,有色金属冶炼及压延加工业焦炭消费总量,A070H0Y,518.00
2017,金属制品业焦炭消费总量,A070H0Z,60.00
2017,通用设备制造业焦炭消费总量,A070H10,444.00
2017,专用设备制造业焦炭消费总量,A070H11,64.00
2017,汽车制造业焦炭消费总量,A070H12,69.00
2017,铁路、船舶、航空航天和其他运输设备制造业焦炭消费总量,A070H13,1.00
2017,电气机械及器材制造业焦炭消费总量,A070H14,5.00
2017,计算机、通信和其他电子设备制造业焦炭消费总量,A070H15,13.00
2017,仪器仪表制造业焦炭消费总量,A070H16,1.00
2017,其他制造业焦炭消费总量,A070H17,2.00
2017,废弃资源综合利用业焦炭消费总量,A070H18,10.00
2017,电力、热力、燃气及水生产和供应业焦炭消费总量,A070H1A,40.00
2017,电力、热力的生产和供应业焦炭消费总量,A070H1B,39.00
2017,燃气生产和供应业焦炭消费总量,A070H1C,2.00
2017,建筑业焦炭消费总量,A070H1E,13.00
2017,交通运输、仓储和邮政业焦炭消费总量,A070H1F,6.00
2017,批发和零售业、住宿和餐饮业焦炭消费总量,A070H1G,49.00
2017,其他焦炭消费总量,A070H1H,6.00
2017,居民生活焦炭消费总量,A070H1I,22.00
2018,焦炭消费总量,A070H01,43717.00
2018,农、林、牧、渔业焦炭消费总量,A070H02,103.00
2018,工业焦炭消费总量,A070H03,43561.00
2018,采矿业焦炭消费总量,A070H04,174.00
2018,煤炭开采和洗选业焦炭消费总量,A070H05,34.00
2018,黑色金属矿采选业焦炭消费总量,A070H07,128.00
2018,有色金属矿采选业焦炭消费总量,A070H08,4.00
2018,非金属矿采选业焦炭消费总量,A070H09,9.00
2018,制造业焦炭消费总量,A070H0C,43346.00
2018,农副食品加工业焦炭消费总量,A070H0D,137.00
2018,食品制造业焦炭消费总量,A070H0E,1.00
2018,纺织业焦炭消费总量,A070H0H,2.00
2018,家具制造业焦炭消费总量,A070H0L,1.00
2018,文教、工美、体育和娱乐用品制造业焦炭消费总量,A070H0O,2.00
2018,石油、煤炭及其他燃料加工业焦炭消费总量,A070H0P,56.00
2018,化学原料及化学制品制造业焦炭消费总量,A070H0Q,3744.00
2018,医药制造业焦炭消费总量,A070H0R,2.00
2018,化学纤维制造业焦炭消费总量,A070H0S,18.00
2018,非金属矿物制品业焦炭消费总量,A070H0W,966.00
2018,黑色金属冶炼及压延加工业焦炭消费总量,A070H0X,37152.00
2018,有色金属冶炼及压延加工业焦炭消费总量,A070H0Y,403.00
2018,金属制品业焦炭消费总量,A070H0Z,450.00
2018,通用设备制造业焦炭消费总量,A070H10,328.00
2018,专用设备制造业焦炭消费总量,A070H11,20.00
2018,汽车制造业焦炭消费总量,A070H12,31.00
2018,铁路、船舶、航空航天和其他运输设备制造业焦炭消费总量,A070H13,1.00
2018,电气机械及器材制造业焦炭消费总量,A070H14,2.00
2018,废弃资源综合利用业焦炭消费总量,A070H18,31.00
2018,电力、热力、燃气及水生产和供应业焦炭消费总量,A070H1A,40.00
2018,电力、热力的生产和供应业焦炭消费总量,A070H1B,39.00
2018,燃气生产和供应业焦炭消费总量,A070H1C,2.00
2018,建筑业焦炭消费总量,A070H1E,11.00
2018,批发和零售业、住宿和餐饮业焦炭消费总量,A070H1G,19.00
2018,其他焦炭消费总量,A070H1H,6.00
2018,居民生活焦炭消费总量,A070H1I,16.00
2019,焦炭消费总量,A070H01,46426.00
2019,农、林、牧、渔业焦炭消费总量,A070H02,60.00
2019,工业焦炭消费总量,A070H03,46320.00
2019,采矿业焦炭消费总量,A070H04,208.00
2019,煤炭开采和洗选业焦炭消费总量,A070H05,49.00
2019,黑色金属矿采选业焦炭消费总量,A070H07,148.00
2019,有色金属矿采选业焦炭消费总量,A070H08,4.00
2019,非金属矿采选业焦炭消费总量,A070H09,8.00
2019,制造业焦炭消费总量,A070H0C,46067.00
2019,农副食品加工业焦炭消费总量,A070H0D,125.00
2019,食品制造业焦炭消费总量,A070H0E,2.00
2019,纺织业焦炭消费总量,A070H0H,3.00
2019,皮革、毛皮、羽毛及其制品和制鞋业焦炭消费总量,A070H0J,2.00
2019,木材加工及木、竹、藤、棕、草制品业焦炭消费总量,A070H0K,2.00
2019,家具制造业焦炭消费总量,A070H0L,1.00
2019,石油、煤炭及其他燃料加工业焦炭消费总量,A070H0P,71.00
2019,化学原料及化学制品制造业焦炭消费总量,A070H0Q,4014.00
2019,医药制造业焦炭消费总量,A070H0R,3.00
2019,化学纤维制造业焦炭消费总量,A070H0S,20.00
2019,非金属矿物制品业焦炭消费总量,A070H0W,1340.00
2019,黑色金属冶炼及压延加工业焦炭消费总量,A070H0X,39247.00
2019,有色金属冶炼及压延加工业焦炭消费总量,A070H0Y,406.00
2019,金属制品业焦炭消费总量,A070H0Z,469.00
2019,通用设备制造业焦炭消费总量,A070H10,245.00
2019,专用设备制造业焦炭消费总量,A070H11,7.00
2019,汽车制造业焦炭消费总量,A070H12,14.00
2019,电气机械及器材制造业焦炭消费总量,A070H14,1.00
2019,废弃资源综合利用业焦炭消费总量,A070H18,97.00
2019,电力、热力、燃气及水生产和供应业焦炭消费总量,A070H1A,45.00
2019,电力、热力的生产和供应业焦炭消费总量,A070H1B,44.00
2019,燃气生产和供应业焦炭消费总量,A070H1C,1.00
2019,建筑业焦炭消费总量,A070H1E,10.00
2019,批发和零售业、住宿和餐饮业焦炭消费总量,A070H1G,17.00
2019,其他焦炭消费总量,A070H1H,6.00
2019,居民生活焦炭消费总量,A070H1I,13.00
2020,焦炭消费总量,A070H01,48310.00
2020,农、林、牧、渔业焦炭消费总量,A070H02,23.00
2020,工业焦炭消费总量,A070H03,48272.00
2020,采矿业焦炭消费总量,A070H04,199.00
2020,煤炭开采和洗选业焦炭消费总量,A070H05,11.00
2020,黑色金属矿采选业焦炭消费总量,A070H07,170.00
2020,有色金属矿采选业焦炭消费总量,A070H08,4.00
2020,非金属矿采选业焦炭消费总量,A070H09,15.00
2020,制造业焦炭消费总量,A070H0C,47802.00
2020,农副食品加工业焦炭消费总量,A070H0D,16.00
2020,食品制造业焦炭消费总量,A070H0E,16.00
2020,酒、饮料和精制茶制造业焦炭消费总量,A070H0F,4.00
2020,纺织业焦炭消费总量,A070H0H,6.00
2020,造纸及纸制品业焦炭消费总量,A070H0M,30.00
2020,石油、煤炭及其他燃料加工业焦炭消费总量,A070H0P,59.00
2020,化学原料及化学制品制造业焦炭消费总量,A070H0Q,4289.00
2020,医药制造业焦炭消费总量,A070H0R,6.00
2020,化学纤维制造业焦炭消费总量,A070H0S,3.00
2020,橡胶和塑料制品业焦炭消费总量,A070H0T,2.00
2020,非金属矿物制品业焦炭消费总量,A070H0W,1464.00
2020,黑色金属冶炼及压延加工业焦炭消费总量,A070H0X,40335.00
2020,有色金属冶炼及压延加工业焦炭消费总量,A070H0Y,490.00
2020,金属制品业焦炭消费总量,A070H0Z,589.00
2020,通用设备制造业焦炭消费总量,A070H10,412.00
2020,汽车制造业焦炭消费总量,A070H12,12.00
2020,电气机械及器材制造业焦炭消费总量,A070H14,1.00
2020,废弃资源综合利用业焦炭消费总量,A070H18,69.00
2020,电力、热力、燃气及水生产和供应业焦炭消费总量,A070H1A,271.00
2020,电力、热力的生产和供应业焦炭消费总量,A070H1B,270.00
2020,燃气生产和供应业焦炭消费总量,A070H1C,1.00
2020,建筑业焦炭消费总量,A070H1E,4.00
2020,居民生活焦炭消费总量,A070H1I,11.00
2021,焦炭消费总量,A070H01,46664.00
2021,农、林、牧、渔业焦炭消费总量,A070H02,22.00
2021,工业焦炭消费总量,A070H03,46632.00
2021,采矿业焦炭消费总量,A070H04,204.00
2021,煤炭开采和洗选业焦炭消费总量,A070H05,7.00
2021,黑色金属矿采选业焦炭消费总量,A070H07,182.00
2021,有色金属矿采选业焦炭消费总量,A070H08,3.00
2021,非金属矿采选业焦炭消费总量,A070H09,12.00
2021,制造业焦炭消费总量,A070H0C,46206.00
2021,农副食品加工业焦炭消费总量,A070H0D,14.00
2021,食品制造业焦炭消费总量,A070H0E,17.00
2021,酒、饮料和精制茶制造业焦炭消费总量,A070H0F,3.00
2021,纺织业焦炭消费总量,A070H0H,6.00
2021,造纸及纸制品业焦炭消费总量,A070H0M,16.00
2021,石油、煤炭及其他燃料加工业焦炭消费总量,A070H0P,76.00
2021,化学原料及化学制品制造业焦炭消费总量,A070H0Q,4261.00
2021,医药制造业焦炭消费总量,A070H0R,8.00
2021,化学纤维制造业焦炭消费总量,A070H0S,2.00
2021,橡胶和塑料制品业焦炭消费总量,A070H0T,4.00
2021,非金属矿物制品业焦炭消费总量,A070H0W,1288.00
2021,黑色金属冶炼及压延加工业焦炭消费总量,A070H0X,39220.00
2021,有色金属冶炼及压延加工业焦炭消费总量,A070H0Y,514.00
2021,金属制品业焦炭消费总量,A070H0Z,496.00
2021,通用设备制造业焦炭消费总量,A070H10,227.00
2021,汽车制造业焦炭消费总量,A070H12,11.00
2021,电气机械及器材制造业焦炭消费总量,A070H14,1.00
2021,废弃资源综合利用业焦炭消费总量,A070H18,42.00
2021,电力、热力、燃气及水生产和供应业焦炭消费总量,A070H1A,223.00
2021,电力、热力的生产和供应业焦炭消费总量,A070H1B,223.00
2021,建筑业焦炭消费总量,A070H1E,2.00
2021,居民生活焦炭消费总量,A070H1I,7.00
