2003,国有控股工业企业国家资本金,A0E060401,12981.24
2003,煤炭开采和洗选业国有控股工业企业国家资本金,A0E060402,1250.96
2003,石油和天然气开采业国有控股工业企业国家资本金,A0E060403,737.14
2003,黑色金属矿采选业国有控股工业企业国家资本金,A0E060404,111.88
2003,有色金属矿采选业国有控股工业企业国家资本金,A0E060405,70.42
2003,非金属矿采选业国有控股工业企业国家资本金,A0E060406,117.21
2003,其他采矿业国有控股工业企业国家资本金,A0E060407,5.57
2003,农副食品加工业国有控股工业企业国家资本金,A0E060408,150.62
2003,食品制造业国有控股工业企业国家资本金,A0E060409,61.71
2003,饮料制造业国有控股工业企业国家资本金,A0E06040A,159.18
2003,烟草制品业国有控股工业企业国家资本金,A0E06040B,338.78
2003,纺织业国有控股工业企业国家资本金,A0E06040C,255.05
2003,纺织服装、鞋、帽制造业国有控股工业企业国家资本金,A0E06040D,19.14
2003,皮革、毛皮、羽毛(绒)及其制品业国有控股工业企业国家资本金,A0E06040E,8.36
2003,木材加工及木、竹、藤、棕、草制品业国有控股工业企业国家资本金,A0E06040F,37.66
2003,家具制造业国有控股工业企业国家资本金,A0E06040G,11.12
2003,造纸及纸制品业国有控股工业企业国家资本金,A0E06040H,147.57
2003,印刷业和记录媒介的复制国有控股工业企业国家资本金,A0E06040I,112.40
2003,文教体育用品制造业国有控股工业企业国家资本金,A0E06040J,11.88
2003,石油加工、炼焦及核燃料加工业国有控股工业企业国家资本金,A0E06040K,383.41
2003,化学原料及化学制品制造业国有控股工业企业国家资本金,A0E06040L,754.93
2003,医药制造业国有控股工业企业国家资本金,A0E06040M,197.10
2003,化学纤维制造业国有控股工业企业国家资本金,A0E06040N,93.71
2003,橡胶制品业国有控股工业企业国家资本金,A0E06040O,48.72
2003,塑料制品业国有控股工业企业国家资本金,A0E06040P,56.06
2003,非金属矿物制品业国有控股工业企业国家资本金,A0E06040Q,392.44
2003,黑色金属冶炼及压延加工业国有控股工业企业国家资本金,A0E06040R,1447.35
2003,有色金属冶炼及压延加工业国有控股工业企业国家资本金,A0E06040S,405.12
2003,金属制品业国有控股工业企业国家资本金,A0E06040T,75.17
2003,通用设备制造业国有控股工业企业国家资本金,A0E06040U,318.77
2003,专用设备制造业国有控股工业企业国家资本金,A0E06040V,315.33
2003,交通运输设备制造业国有控股工业企业国家资本金,A0E06040W,813.57
2003,电气机械及器材制造业国有控股工业企业国家资本金,A0E06040X,164.20
2003,通信设备、计算机及其他电子设备制造国有控股工业企业国家资本金,A0E06040Y,289.61
2003,仪器仪表及文化、办公用机械制造业国有控股工业企业国家资本金,A0E06040Z,60.37
2003,工艺品及其他制造业国有控股工业企业国家资本金,A0E060410,9.86
2003,废弃资源和废旧材料回收加工业国有控股工业企业国家资本金,A0E060411,0.05
2003,电力、热力的生产和供应业国有控股工业企业国家资本金,A0E060412,2781.62
2003,燃气生产和供应业国有控股工业企业国家资本金,A0E060413,194.75
2003,水的生产和供应业国有控股工业企业国家资本金,A0E060414,572.42
2004,国有控股工业企业国家资本金,A0E060401,16316.27
2004,煤炭开采和洗选业国有控股工业企业国家资本金,A0E060402,1220.87
2004,石油和天然气开采业国有控股工业企业国家资本金,A0E060403,1172.50
2004,黑色金属矿采选业国有控股工业企业国家资本金,A0E060404,113.26
2004,有色金属矿采选业国有控股工业企业国家资本金,A0E060405,86.71
2004,非金属矿采选业国有控股工业企业国家资本金,A0E060406,101.01
2004,其他采矿业国有控股工业企业国家资本金,A0E060407,0.06
2004,农副食品加工业国有控股工业企业国家资本金,A0E060408,126.89
2004,食品制造业国有控股工业企业国家资本金,A0E060409,47.49
2004,饮料制造业国有控股工业企业国家资本金,A0E06040A,138.16
2004,烟草制品业国有控股工业企业国家资本金,A0E06040B,373.88
2004,纺织业国有控股工业企业国家资本金,A0E06040C,216.85
2004,纺织服装、鞋、帽制造业国有控股工业企业国家资本金,A0E06040D,19.72
2004,皮革、毛皮、羽毛(绒)及其制品业国有控股工业企业国家资本金,A0E06040E,8.92
2004,木材加工及木、竹、藤、棕、草制品业国有控股工业企业国家资本金,A0E06040F,45.17
2004,家具制造业国有控股工业企业国家资本金,A0E06040G,10.68
2004,造纸及纸制品业国有控股工业企业国家资本金,A0E06040H,135.51
2004,印刷业和记录媒介的复制国有控股工业企业国家资本金,A0E06040I,111.69
2004,文教体育用品制造业国有控股工业企业国家资本金,A0E06040J,6.15
2004,石油加工、炼焦及核燃料加工业国有控股工业企业国家资本金,A0E06040K,438.48
2004,化学原料及化学制品制造业国有控股工业企业国家资本金,A0E06040L,768.05
2004,医药制造业国有控股工业企业国家资本金,A0E06040M,169.94
2004,化学纤维制造业国有控股工业企业国家资本金,A0E06040N,107.14
2004,橡胶制品业国有控股工业企业国家资本金,A0E06040O,49.22
2004,塑料制品业国有控股工业企业国家资本金,A0E06040P,60.36
2004,非金属矿物制品业国有控股工业企业国家资本金,A0E06040Q,370.69
2004,黑色金属冶炼及压延加工业国有控股工业企业国家资本金,A0E06040R,1266.67
2004,有色金属冶炼及压延加工业国有控股工业企业国家资本金,A0E06040S,350.51
2004,金属制品业国有控股工业企业国家资本金,A0E06040T,85.87
2004,通用设备制造业国有控股工业企业国家资本金,A0E06040U,324.42
2004,专用设备制造业国有控股工业企业国家资本金,A0E06040V,306.68
2004,交通运输设备制造业国有控股工业企业国家资本金,A0E06040W,1049.79
2004,电气机械及器材制造业国有控股工业企业国家资本金,A0E06040X,177.82
2004,通信设备、计算机及其他电子设备制造国有控股工业企业国家资本金,A0E06040Y,239.83
2004,仪器仪表及文化、办公用机械制造业国有控股工业企业国家资本金,A0E06040Z,60.04
2004,工艺品及其他制造业国有控股工业企业国家资本金,A0E060410,46.74
2004,废弃资源和废旧材料回收加工业国有控股工业企业国家资本金,A0E060411,0.27
2004,电力、热力的生产和供应业国有控股工业企业国家资本金,A0E060412,5643.30
2004,燃气生产和供应业国有控股工业企业国家资本金,A0E060413,203.63
2004,水的生产和供应业国有控股工业企业国家资本金,A0E060414,661.29
2005,国有控股工业企业国家资本金,A0E060401,15029.67
2005,煤炭开采和洗选业国有控股工业企业国家资本金,A0E060402,1212.08
2005,石油和天然气开采业国有控股工业企业国家资本金,A0E060403,1321.90
2005,黑色金属矿采选业国有控股工业企业国家资本金,A0E060404,111.93
2005,有色金属矿采选业国有控股工业企业国家资本金,A0E060405,57.20
2005,非金属矿采选业国有控股工业企业国家资本金,A0E060406,49.49
2005,其他采矿业国有控股工业企业国家资本金,A0E060407,0.73
2005,农副食品加工业国有控股工业企业国家资本金,A0E060408,98.48
2005,食品制造业国有控股工业企业国家资本金,A0E060409,42.86
2005,饮料制造业国有控股工业企业国家资本金,A0E06040A,103.92
2005,烟草制品业国有控股工业企业国家资本金,A0E06040B,378.82
2005,纺织业国有控股工业企业国家资本金,A0E06040C,168.62
2005,纺织服装、鞋、帽制造业国有控股工业企业国家资本金,A0E06040D,15.41
2005,皮革、毛皮、羽毛(绒)及其制品业国有控股工业企业国家资本金,A0E06040E,5.61
2005,木材加工及木、竹、藤、棕、草制品业国有控股工业企业国家资本金,A0E06040F,34.19
2005,家具制造业国有控股工业企业国家资本金,A0E06040G,8.95
2005,造纸及纸制品业国有控股工业企业国家资本金,A0E06040H,122.25
2005,印刷业和记录媒介的复制国有控股工业企业国家资本金,A0E06040I,108.82
2005,文教体育用品制造业国有控股工业企业国家资本金,A0E06040J,7.00
2005,石油加工、炼焦及核燃料加工业国有控股工业企业国家资本金,A0E06040K,508.85
2005,化学原料及化学制品制造业国有控股工业企业国家资本金,A0E06040L,765.30
2005,医药制造业国有控股工业企业国家资本金,A0E06040M,183.43
2005,化学纤维制造业国有控股工业企业国家资本金,A0E06040N,100.75
2005,橡胶制品业国有控股工业企业国家资本金,A0E06040O,29.82
2005,塑料制品业国有控股工业企业国家资本金,A0E06040P,55.29
2005,非金属矿物制品业国有控股工业企业国家资本金,A0E06040Q,291.99
2005,黑色金属冶炼及压延加工业国有控股工业企业国家资本金,A0E06040R,1327.55
2005,有色金属冶炼及压延加工业国有控股工业企业国家资本金,A0E06040S,424.59
2005,金属制品业国有控股工业企业国家资本金,A0E06040T,61.74
2005,通用设备制造业国有控股工业企业国家资本金,A0E06040U,239.14
2005,专用设备制造业国有控股工业企业国家资本金,A0E06040V,259.86
2005,交通运输设备制造业国有控股工业企业国家资本金,A0E06040W,533.04
2005,电气机械及器材制造业国有控股工业企业国家资本金,A0E06040X,147.54
2005,通信设备、计算机及其他电子设备制造国有控股工业企业国家资本金,A0E06040Y,221.23
2005,仪器仪表及文化、办公用机械制造业国有控股工业企业国家资本金,A0E06040Z,48.13
2005,工艺品及其他制造业国有控股工业企业国家资本金,A0E060410,29.78
2005,废弃资源和废旧材料回收加工业国有控股工业企业国家资本金,A0E060411,1.36
2005,电力、热力的生产和供应业国有控股工业企业国家资本金,A0E060412,5135.18
2005,燃气生产和供应业国有控股工业企业国家资本金,A0E060413,180.05
2005,水的生产和供应业国有控股工业企业国家资本金,A0E060414,636.77
2006,国有控股工业企业国家资本金,A0E060401,16451.19
2006,煤炭开采和洗选业国有控股工业企业国家资本金,A0E060402,1259.79
2006,石油和天然气开采业国有控股工业企业国家资本金,A0E060403,1193.38
2006,黑色金属矿采选业国有控股工业企业国家资本金,A0E060404,186.00
2006,有色金属矿采选业国有控股工业企业国家资本金,A0E060405,58.29
2006,非金属矿采选业国有控股工业企业国家资本金,A0E060406,42.87
2006,其他采矿业国有控股工业企业国家资本金,A0E060407,0.03
2006,农副食品加工业国有控股工业企业国家资本金,A0E060408,103.54
2006,食品制造业国有控股工业企业国家资本金,A0E060409,40.13
2006,饮料制造业国有控股工业企业国家资本金,A0E06040A,98.30
2006,烟草制品业国有控股工业企业国家资本金,A0E06040B,289.23
2006,纺织业国有控股工业企业国家资本金,A0E06040C,150.33
2006,纺织服装、鞋、帽制造业国有控股工业企业国家资本金,A0E06040D,15.89
2006,皮革、毛皮、羽毛(绒)及其制品业国有控股工业企业国家资本金,A0E06040E,2.83
2006,木材加工及木、竹、藤、棕、草制品业国有控股工业企业国家资本金,A0E06040F,34.52
2006,家具制造业国有控股工业企业国家资本金,A0E06040G,9.19
2006,造纸及纸制品业国有控股工业企业国家资本金,A0E06040H,97.97
2006,印刷业和记录媒介的复制国有控股工业企业国家资本金,A0E06040I,102.68
2006,文教体育用品制造业国有控股工业企业国家资本金,A0E06040J,5.12
2006,石油加工、炼焦及核燃料加工业国有控股工业企业国家资本金,A0E06040K,552.57
2006,化学原料及化学制品制造业国有控股工业企业国家资本金,A0E06040L,823.49
2006,医药制造业国有控股工业企业国家资本金,A0E06040M,166.04
2006,化学纤维制造业国有控股工业企业国家资本金,A0E06040N,96.20
2006,橡胶制品业国有控股工业企业国家资本金,A0E06040O,27.06
2006,塑料制品业国有控股工业企业国家资本金,A0E06040P,70.96
2006,非金属矿物制品业国有控股工业企业国家资本金,A0E06040Q,286.26
2006,黑色金属冶炼及压延加工业国有控股工业企业国家资本金,A0E06040R,1355.71
2006,有色金属冶炼及压延加工业国有控股工业企业国家资本金,A0E06040S,501.76
2006,金属制品业国有控股工业企业国家资本金,A0E06040T,65.76
2006,通用设备制造业国有控股工业企业国家资本金,A0E06040U,286.68
2006,专用设备制造业国有控股工业企业国家资本金,A0E06040V,284.94
2006,交通运输设备制造业国有控股工业企业国家资本金,A0E06040W,748.49
2006,电气机械及器材制造业国有控股工业企业国家资本金,A0E06040X,147.62
2006,通信设备、计算机及其他电子设备制造国有控股工业企业国家资本金,A0E06040Y,216.53
2006,仪器仪表及文化、办公用机械制造业国有控股工业企业国家资本金,A0E06040Z,58.47
2006,工艺品及其他制造业国有控股工业企业国家资本金,A0E060410,31.27
2006,废弃资源和废旧材料回收加工业国有控股工业企业国家资本金,A0E060411,0.28
2006,电力、热力的生产和供应业国有控股工业企业国家资本金,A0E060412,6139.31
2006,燃气生产和供应业国有控股工业企业国家资本金,A0E060413,178.52
2006,水的生产和供应业国有控股工业企业国家资本金,A0E060414,723.15
2007,国有控股工业企业国家资本金,A0E060401,17067.75
2007,煤炭开采和洗选业国有控股工业企业国家资本金,A0E060402,1288.75
2007,石油和天然气开采业国有控股工业企业国家资本金,A0E060403,1478.97
2007,黑色金属矿采选业国有控股工业企业国家资本金,A0E060404,113.55
2007,有色金属矿采选业国有控股工业企业国家资本金,A0E060405,53.51
2007,非金属矿采选业国有控股工业企业国家资本金,A0E060406,36.50
2007,其他采矿业国有控股工业企业国家资本金,A0E060407,0.01
2007,农副食品加工业国有控股工业企业国家资本金,A0E060408,68.94
2007,食品制造业国有控股工业企业国家资本金,A0E060409,38.32
2007,饮料制造业国有控股工业企业国家资本金,A0E06040A,92.75
2007,烟草制品业国有控股工业企业国家资本金,A0E06040B,152.54
2007,纺织业国有控股工业企业国家资本金,A0E06040C,129.27
2007,纺织服装、鞋、帽制造业国有控股工业企业国家资本金,A0E06040D,13.51
2007,皮革、毛皮、羽毛(绒)及其制品业国有控股工业企业国家资本金,A0E06040E,2.40
2007,木材加工及木、竹、藤、棕、草制品业国有控股工业企业国家资本金,A0E06040F,34.37
2007,家具制造业国有控股工业企业国家资本金,A0E06040G,8.32
2007,造纸及纸制品业国有控股工业企业国家资本金,A0E06040H,81.58
2007,印刷业和记录媒介的复制国有控股工业企业国家资本金,A0E06040I,89.00
2007,文教体育用品制造业国有控股工业企业国家资本金,A0E06040J,5.51
2007,石油加工、炼焦及核燃料加工业国有控股工业企业国家资本金,A0E06040K,1072.52
2007,化学原料及化学制品制造业国有控股工业企业国家资本金,A0E06040L,880.98
2007,医药制造业国有控股工业企业国家资本金,A0E06040M,154.60
2007,化学纤维制造业国有控股工业企业国家资本金,A0E06040N,99.61
2007,橡胶制品业国有控股工业企业国家资本金,A0E06040O,27.25
2007,塑料制品业国有控股工业企业国家资本金,A0E06040P,56.03
2007,非金属矿物制品业国有控股工业企业国家资本金,A0E06040Q,251.62
2007,黑色金属冶炼及压延加工业国有控股工业企业国家资本金,A0E06040R,1396.14
2007,有色金属冶炼及压延加工业国有控股工业企业国家资本金,A0E06040S,500.42
2007,金属制品业国有控股工业企业国家资本金,A0E06040T,76.81
2007,通用设备制造业国有控股工业企业国家资本金,A0E06040U,339.92
2007,专用设备制造业国有控股工业企业国家资本金,A0E06040V,283.64
2007,交通运输设备制造业国有控股工业企业国家资本金,A0E06040W,725.95
2007,电气机械及器材制造业国有控股工业企业国家资本金,A0E06040X,151.98
2007,通信设备、计算机及其他电子设备制造国有控股工业企业国家资本金,A0E06040Y,262.11
2007,仪器仪表及文化、办公用机械制造业国有控股工业企业国家资本金,A0E06040Z,40.67
2007,工艺品及其他制造业国有控股工业企业国家资本金,A0E060410,25.91
2007,废弃资源和废旧材料回收加工业国有控股工业企业国家资本金,A0E060411,4.73
2007,电力、热力的生产和供应业国有控股工业企业国家资本金,A0E060412,6129.37
2007,燃气生产和供应业国有控股工业企业国家资本金,A0E060413,192.70
2007,水的生产和供应业国有控股工业企业国家资本金,A0E060414,706.98
2008,国有控股工业企业国家资本金,A0E060401,22250.85
2008,煤炭开采和洗选业国有控股工业企业国家资本金,A0E060402,1668.81
2008,石油和天然气开采业国有控股工业企业国家资本金,A0E060403,3073.43
2008,黑色金属矿采选业国有控股工业企业国家资本金,A0E060404,185.12
2008,有色金属矿采选业国有控股工业企业国家资本金,A0E060405,99.47
2008,非金属矿采选业国有控股工业企业国家资本金,A0E060406,39.36
2008,其他采矿业国有控股工业企业国家资本金,A0E060407,0.01
2008,农副食品加工业国有控股工业企业国家资本金,A0E060408,79.17
2008,食品制造业国有控股工业企业国家资本金,A0E060409,53.04
2008,饮料制造业国有控股工业企业国家资本金,A0E06040A,101.76
2008,烟草制品业国有控股工业企业国家资本金,A0E06040B,175.81
2008,纺织业国有控股工业企业国家资本金,A0E06040C,106.89
2008,纺织服装、鞋、帽制造业国有控股工业企业国家资本金,A0E06040D,16.47
2008,皮革、毛皮、羽毛(绒)及其制品业国有控股工业企业国家资本金,A0E06040E,2.18
2008,木材加工及木、竹、藤、棕、草制品业国有控股工业企业国家资本金,A0E06040F,20.07
2008,家具制造业国有控股工业企业国家资本金,A0E06040G,8.06
2008,造纸及纸制品业国有控股工业企业国家资本金,A0E06040H,124.75
2008,印刷业和记录媒介的复制国有控股工业企业国家资本金,A0E06040I,89.60
2008,文教体育用品制造业国有控股工业企业国家资本金,A0E06040J,11.12
2008,石油加工、炼焦及核燃料加工业国有控股工业企业国家资本金,A0E06040K,1593.42
2008,化学原料及化学制品制造业国有控股工业企业国家资本金,A0E06040L,1259.14
2008,医药制造业国有控股工业企业国家资本金,A0E06040M,159.31
2008,化学纤维制造业国有控股工业企业国家资本金,A0E06040N,92.87
2008,橡胶制品业国有控股工业企业国家资本金,A0E06040O,25.80
2008,塑料制品业国有控股工业企业国家资本金,A0E06040P,32.86
2008,非金属矿物制品业国有控股工业企业国家资本金,A0E06040Q,325.56
2008,黑色金属冶炼及压延加工业国有控股工业企业国家资本金,A0E06040R,1706.78
2008,有色金属冶炼及压延加工业国有控股工业企业国家资本金,A0E06040S,645.05
2008,金属制品业国有控股工业企业国家资本金,A0E06040T,81.24
2008,通用设备制造业国有控股工业企业国家资本金,A0E06040U,303.77
2008,专用设备制造业国有控股工业企业国家资本金,A0E06040V,300.38
2008,交通运输设备制造业国有控股工业企业国家资本金,A0E06040W,779.93
2008,电气机械及器材制造业国有控股工业企业国家资本金,A0E06040X,157.04
2008,通信设备、计算机及其他电子设备制造国有控股工业企业国家资本金,A0E06040Y,313.64
2008,仪器仪表及文化、办公用机械制造业国有控股工业企业国家资本金,A0E06040Z,66.66
2008,工艺品及其他制造业国有控股工业企业国家资本金,A0E060410,20.66
2008,废弃资源和废旧材料回收加工业国有控股工业企业国家资本金,A0E060411,10.41
2008,电力、热力的生产和供应业国有控股工业企业国家资本金,A0E060412,7571.38
2008,燃气生产和供应业国有控股工业企业国家资本金,A0E060413,179.92
2008,水的生产和供应业国有控股工业企业国家资本金,A0E060414,769.91
2009,国有控股工业企业国家资本金,A0E060401,20561.49
2009,煤炭开采和洗选业国有控股工业企业国家资本金,A0E060402,1391.51
2009,石油和天然气开采业国有控股工业企业国家资本金,A0E060403,2512.77
2009,黑色金属矿采选业国有控股工业企业国家资本金,A0E060404,230.59
2009,有色金属矿采选业国有控股工业企业国家资本金,A0E060405,79.30
2009,非金属矿采选业国有控股工业企业国家资本金,A0E060406,56.17
2009,其他采矿业国有控股工业企业国家资本金,A0E060407,0.01
2009,农副食品加工业国有控股工业企业国家资本金,A0E060408,82.22
2009,食品制造业国有控股工业企业国家资本金,A0E060409,49.94
2009,饮料制造业国有控股工业企业国家资本金,A0E06040A,92.73
2009,烟草制品业国有控股工业企业国家资本金,A0E06040B,193.03
2009,纺织业国有控股工业企业国家资本金,A0E06040C,101.30
2009,纺织服装、鞋、帽制造业国有控股工业企业国家资本金,A0E06040D,10.21
2009,皮革、毛皮、羽毛(绒)及其制品业国有控股工业企业国家资本金,A0E06040E,2.04
2009,木材加工及木、竹、藤、棕、草制品业国有控股工业企业国家资本金,A0E06040F,19.53
2009,家具制造业国有控股工业企业国家资本金,A0E06040G,0.53
2009,造纸及纸制品业国有控股工业企业国家资本金,A0E06040H,116.53
2009,印刷业和记录媒介的复制国有控股工业企业国家资本金,A0E06040I,81.73
2009,文教体育用品制造业国有控股工业企业国家资本金,A0E06040J,4.67
2009,石油加工、炼焦及核燃料加工业国有控股工业企业国家资本金,A0E06040K,1194.86
2009,化学原料及化学制品制造业国有控股工业企业国家资本金,A0E06040L,884.39
2009,医药制造业国有控股工业企业国家资本金,A0E06040M,128.34
2009,化学纤维制造业国有控股工业企业国家资本金,A0E06040N,82.25
2009,橡胶制品业国有控股工业企业国家资本金,A0E06040O,24.91
2009,塑料制品业国有控股工业企业国家资本金,A0E06040P,37.84
2009,非金属矿物制品业国有控股工业企业国家资本金,A0E06040Q,310.90
2009,黑色金属冶炼及压延加工业国有控股工业企业国家资本金,A0E06040R,1735.80
2009,有色金属冶炼及压延加工业国有控股工业企业国家资本金,A0E06040S,606.09
2009,金属制品业国有控股工业企业国家资本金,A0E06040T,117.69
2009,通用设备制造业国有控股工业企业国家资本金,A0E06040U,330.37
2009,专用设备制造业国有控股工业企业国家资本金,A0E06040V,336.55
2009,交通运输设备制造业国有控股工业企业国家资本金,A0E06040W,778.01
2009,电气机械及器材制造业国有控股工业企业国家资本金,A0E06040X,158.58
2009,通信设备、计算机及其他电子设备制造国有控股工业企业国家资本金,A0E06040Y,320.59
2009,仪器仪表及文化、办公用机械制造业国有控股工业企业国家资本金,A0E06040Z,49.88
2009,工艺品及其他制造业国有控股工业企业国家资本金,A0E060410,19.59
2009,废弃资源和废旧材料回收加工业国有控股工业企业国家资本金,A0E060411,10.69
2009,电力、热力的生产和供应业国有控股工业企业国家资本金,A0E060412,7418.97
2009,燃气生产和供应业国有控股工业企业国家资本金,A0E060413,155.97
2009,水的生产和供应业国有控股工业企业国家资本金,A0E060414,834.40
2010,国有控股工业企业国家资本金,A0E060401,19585.18
2010,煤炭开采和洗选业国有控股工业企业国家资本金,A0E060402,1316.92
2010,石油和天然气开采业国有控股工业企业国家资本金,A0E060403,2455.27
2010,黑色金属矿采选业国有控股工业企业国家资本金,A0E060404,423.63
2010,有色金属矿采选业国有控股工业企业国家资本金,A0E060405,79.49
2010,非金属矿采选业国有控股工业企业国家资本金,A0E060406,75.37
2010,农副食品加工业国有控股工业企业国家资本金,A0E060408,96.69
2010,食品制造业国有控股工业企业国家资本金,A0E060409,47.54
2010,饮料制造业国有控股工业企业国家资本金,A0E06040A,91.63
2010,烟草制品业国有控股工业企业国家资本金,A0E06040B,138.22
2010,纺织业国有控股工业企业国家资本金,A0E06040C,81.25
2010,纺织服装、鞋、帽制造业国有控股工业企业国家资本金,A0E06040D,10.74
2010,皮革、毛皮、羽毛(绒)及其制品业国有控股工业企业国家资本金,A0E06040E,1.20
2010,木材加工及木、竹、藤、棕、草制品业国有控股工业企业国家资本金,A0E06040F,16.81
2010,家具制造业国有控股工业企业国家资本金,A0E06040G,0.81
2010,造纸及纸制品业国有控股工业企业国家资本金,A0E06040H,152.08
2010,印刷业和记录媒介的复制国有控股工业企业国家资本金,A0E06040I,81.80
2010,文教体育用品制造业国有控股工业企业国家资本金,A0E06040J,6.71
2010,石油加工、炼焦及核燃料加工业国有控股工业企业国家资本金,A0E06040K,1313.13
2010,化学原料及化学制品制造业国有控股工业企业国家资本金,A0E06040L,788.74
2010,医药制造业国有控股工业企业国家资本金,A0E06040M,140.19
2010,化学纤维制造业国有控股工业企业国家资本金,A0E06040N,62.78
2010,橡胶制品业国有控股工业企业国家资本金,A0E06040O,18.05
2010,塑料制品业国有控股工业企业国家资本金,A0E06040P,29.79
2010,非金属矿物制品业国有控股工业企业国家资本金,A0E06040Q,303.06
2010,黑色金属冶炼及压延加工业国有控股工业企业国家资本金,A0E06040R,1720.68
2010,有色金属冶炼及压延加工业国有控股工业企业国家资本金,A0E06040S,656.28
2010,金属制品业国有控股工业企业国家资本金,A0E06040T,119.76
2010,通用设备制造业国有控股工业企业国家资本金,A0E06040U,284.88
2010,专用设备制造业国有控股工业企业国家资本金,A0E06040V,367.48
2010,交通运输设备制造业国有控股工业企业国家资本金,A0E06040W,983.74
2010,电气机械及器材制造业国有控股工业企业国家资本金,A0E06040X,194.63
2010,通信设备、计算机及其他电子设备制造国有控股工业企业国家资本金,A0E06040Y,232.40
2010,仪器仪表及文化、办公用机械制造业国有控股工业企业国家资本金,A0E06040Z,50.94
2010,工艺品及其他制造业国有控股工业企业国家资本金,A0E060410,28.23
2010,废弃资源和废旧材料回收加工业国有控股工业企业国家资本金,A0E060411,2.50
2010,电力、热力的生产和供应业国有控股工业企业国家资本金,A0E060412,6163.66
2010,燃气生产和供应业国有控股工业企业国家资本金,A0E060413,146.34
2010,水的生产和供应业国有控股工业企业国家资本金,A0E060414,901.76
2011,国有控股工业企业国家资本金,A0E060401,21689.45
2011,煤炭开采和洗选业国有控股工业企业国家资本金,A0E060402,1528.75
2011,石油和天然气开采业国有控股工业企业国家资本金,A0E060403,3362.74
2011,黑色金属矿采选业国有控股工业企业国家资本金,A0E060404,523.38
2011,有色金属矿采选业国有控股工业企业国家资本金,A0E060405,142.39
2011,非金属矿采选业国有控股工业企业国家资本金,A0E060406,76.07
2011,农副食品加工业国有控股工业企业国家资本金,A0E060408,75.62
2011,食品制造业国有控股工业企业国家资本金,A0E060409,45.99
2011,饮料制造业国有控股工业企业国家资本金,A0E06040A,113.90
2011,烟草制品业国有控股工业企业国家资本金,A0E06040B,166.04
2011,纺织业国有控股工业企业国家资本金,A0E06040C,75.79
2011,纺织服装、鞋、帽制造业国有控股工业企业国家资本金,A0E06040D,11.47
2011,皮革、毛皮、羽毛(绒)及其制品业国有控股工业企业国家资本金,A0E06040E,0.94
2011,木材加工及木、竹、藤、棕、草制品业国有控股工业企业国家资本金,A0E06040F,13.84
2011,家具制造业国有控股工业企业国家资本金,A0E06040G,1.63
2011,造纸及纸制品业国有控股工业企业国家资本金,A0E06040H,170.24
2011,印刷业和记录媒介的复制国有控股工业企业国家资本金,A0E06040I,65.92
2011,文教体育用品制造业国有控股工业企业国家资本金,A0E06040J,7.75
2011,石油加工、炼焦及核燃料加工业国有控股工业企业国家资本金,A0E06040K,1783.71
2011,化学原料及化学制品制造业国有控股工业企业国家资本金,A0E06040L,1037.58
2011,医药制造业国有控股工业企业国家资本金,A0E06040M,211.49
2011,化学纤维制造业国有控股工业企业国家资本金,A0E06040N,90.81
2011,橡胶制品业国有控股工业企业国家资本金,A0E06040O,25.92
2011,塑料制品业国有控股工业企业国家资本金,A0E06040P,33.12
2011,非金属矿物制品业国有控股工业企业国家资本金,A0E06040Q,361.63
2011,黑色金属冶炼及压延加工业国有控股工业企业国家资本金,A0E06040R,1194.93
2011,有色金属冶炼及压延加工业国有控股工业企业国家资本金,A0E06040S,785.14
2011,金属制品业国有控股工业企业国家资本金,A0E06040T,142.29
2011,通用设备制造业国有控股工业企业国家资本金,A0E06040U,359.82
2011,专用设备制造业国有控股工业企业国家资本金,A0E06040V,359.15
2011,交通运输设备制造业国有控股工业企业国家资本金,A0E06040W,1074.64
2011,电气机械及器材制造业国有控股工业企业国家资本金,A0E06040X,182.01
2011,通信设备、计算机及其他电子设备制造国有控股工业企业国家资本金,A0E06040Y,382.34
2011,仪器仪表及文化、办公用机械制造业国有控股工业企业国家资本金,A0E06040Z,102.93
2011,工艺品及其他制造业国有控股工业企业国家资本金,A0E060410,21.35
2011,废弃资源和废旧材料回收加工业国有控股工业企业国家资本金,A0E060411,4.95
2011,电力、热力的生产和供应业国有控股工业企业国家资本金,A0E060412,6117.55
2011,燃气生产和供应业国有控股工业企业国家资本金,A0E060413,170.31
2011,水的生产和供应业国有控股工业企业国家资本金,A0E060414,865.32
2011,国有控股工业企业国家资本金,A0E060401,21689.45
2011,煤炭开采和洗选业国有控股工业企业国家资本金,A0E060402,1528.75
2011,石油和天然气开采业国有控股工业企业国家资本金,A0E060403,3362.74
2011,黑色金属矿采选业国有控股工业企业国家资本金,A0E060404,523.38
2011,有色金属矿采选业国有控股工业企业国家资本金,A0E060405,142.39
2011,非金属矿采选业国有控股工业企业国家资本金,A0E060406,76.07
2011,农副食品加工业国有控股工业企业国家资本金,A0E060408,75.62
2011,食品制造业国有控股工业企业国家资本金,A0E060409,45.99
2011,饮料制造业国有控股工业企业国家资本金,A0E06040A,113.90
2011,烟草制品业国有控股工业企业国家资本金,A0E06040B,166.04
2011,纺织业国有控股工业企业国家资本金,A0E06040C,75.79
2011,纺织服装、鞋、帽制造业国有控股工业企业国家资本金,A0E06040D,11.47
2011,皮革、毛皮、羽毛(绒)及其制品业国有控股工业企业国家资本金,A0E06040E,0.94
2011,木材加工及木、竹、藤、棕、草制品业国有控股工业企业国家资本金,A0E06040F,13.84
2011,家具制造业国有控股工业企业国家资本金,A0E06040G,1.63
2011,造纸及纸制品业国有控股工业企业国家资本金,A0E06040H,170.24
2011,印刷业和记录媒介的复制国有控股工业企业国家资本金,A0E06040I,65.92
2011,文教体育用品制造业国有控股工业企业国家资本金,A0E06040J,7.75
2011,石油加工、炼焦及核燃料加工业国有控股工业企业国家资本金,A0E06040K,1783.71
2011,化学原料及化学制品制造业国有控股工业企业国家资本金,A0E06040L,1037.58
2011,医药制造业国有控股工业企业国家资本金,A0E06040M,211.49
2011,化学纤维制造业国有控股工业企业国家资本金,A0E06040N,90.81
2011,橡胶制品业国有控股工业企业国家资本金,A0E06040O,25.92
2011,塑料制品业国有控股工业企业国家资本金,A0E06040P,33.12
2011,非金属矿物制品业国有控股工业企业国家资本金,A0E06040Q,361.63
2011,黑色金属冶炼及压延加工业国有控股工业企业国家资本金,A0E06040R,1194.93
2011,有色金属冶炼及压延加工业国有控股工业企业国家资本金,A0E06040S,785.14
2011,金属制品业国有控股工业企业国家资本金,A0E06040T,142.29
2011,通用设备制造业国有控股工业企业国家资本金,A0E06040U,359.82
2011,专用设备制造业国有控股工业企业国家资本金,A0E06040V,359.15
2011,交通运输设备制造业国有控股工业企业国家资本金,A0E06040W,1074.64
2011,电气机械及器材制造业国有控股工业企业国家资本金,A0E06040X,182.01
2011,通信设备、计算机及其他电子设备制造国有控股工业企业国家资本金,A0E06040Y,382.34
2011,仪器仪表及文化、办公用机械制造业国有控股工业企业国家资本金,A0E06040Z,102.93
2011,工艺品及其他制造业国有控股工业企业国家资本金,A0E060410,21.35
2011,废弃资源和废旧材料回收加工业国有控股工业企业国家资本金,A0E060411,4.95
2011,电力、热力的生产和供应业国有控股工业企业国家资本金,A0E060412,6117.55
2011,燃气生产和供应业国有控股工业企业国家资本金,A0E060413,170.31
2011,水的生产和供应业国有控股工业企业国家资本金,A0E060414,865.32
