2000,亿元以上商品交易零售市场成交额,A0I0A0401,4710.86
2001,亿元以上商品交易零售市场成交额,A0I0A0401,5156.52
2002,亿元以上商品交易零售市场成交额,A0I0A0401,4389.16
2003,亿元以上商品交易零售市场成交额,A0I0A0401,4681.91
2004,亿元以上商品交易零售市场成交额,A0I0A0401,4985.79
2005,亿元以上商品交易零售市场成交额,A0I0A0401,5476.70
2006,亿元以上商品交易零售市场成交额,A0I0A0401,7457.54
2007,亿元以上商品交易零售市场成交额,A0I0A0401,8213.64
2008,亿元以上商品交易零售市场成交额,A0I0A0401,9337.92
2008,食品、饮料、烟酒类零售市场成交额,A0I0A0402,2322.45
2008,食品类零售市场成交额,A0I0A0403,2119.32
2008,粮油类零售市场成交额,A0I0A0404,186.37
2008,肉禽蛋类零售市场成交额,A0I0A0405,638.56
2008,水产品类零售市场成交额,A0I0A0406,537.21
2008,蔬菜类零售市场成交额,A0I0A0407,445.34
2008,干鲜果品类零售市场成交额,A0I0A0408,169.66
2008,饮料类零售市场成交额,A0I0A0409,83.63
2008,烟酒类零售市场成交额,A0I0A040A,119.49
2008,服装鞋帽、针、纺织品类零售市场成交额,A0I0A040B,1209.39
2008,服装类零售市场成交额,A0I0A040C,807.18
2008,鞋帽类零售市场成交额,A0I0A040D,203.74
2008,针、纺织品类零售市场成交额,A0I0A040E,198.47
2008,化妆品类零售市场成交额,A0I0A040F,49.82
2008,金银珠宝类零售市场成交额,A0I0A040G,35.56
2008,日用品类零售市场成交额,A0I0A040H,290.30
2008,洗涤用品类零售市场成交额,A0I0A040I,69.05
2008,儿童玩具类零售市场成交额,A0I0A040J,24.90
2008,五金、电料类零售市场成交额,A0I0A040K,173.59
2008,体育、娱乐用品类零售市场成交额,A0I0A040L,18.50
2008,书报杂志类零售市场成交额,A0I0A040M,20.88
2008,电子出版物及音像制品类零售市场成交额,A0I0A040N,27.02
2008,家用电器和音像器材类零售市场成交额,A0I0A040O,148.39
2008,中西药品类零售市场成交额,A0I0A040P,41.51
2008,西药类零售市场成交额,A0I0A040Q,6.62
2008,中草药及中成药类零售市场成交额,A0I0A040R,32.37
2008,文化办公用品类零售市场成交额,A0I0A040S,437.28
2008,家具类零售市场成交额,A0I0A040T,474.50
2008,通讯器材类零售市场成交额,A0I0A040U,91.54
2008,煤炭及制品类零售市场成交额,A0I0A040V,1.57
2008,木材及制品类零售市场成交额,A0I0A040W,149.00
2008,石油及制品类零售市场成交额,A0I0A040X,0.46
2008,化工材料及制品类零售市场成交额,A0I0A040Y,38.25
2008,化肥类零售市场成交额,A0I0A040Z,6.00
2008,金属材料类零售市场成交额,A0I0A0410,208.56
2008,建筑及装潢材料类零售市场成交额,A0I0A0411,1108.53
2008,机电产品及设备类零售市场成交额,A0I0A0412,76.35
2008,农机类零售市场成交额,A0I0A0413,9.96
2008,汽车类零售市场成交额,A0I0A0414,2070.30
2008,种子饲料类零售市场成交额,A0I0A0415,5.36
2008,棉麻类零售市场成交额,A0I0A0416,39.58
2008,其他类零售市场成交额,A0I0A0417,381.75
2009,亿元以上商品交易零售市场成交额,A0I0A0401,9655.54
2009,食品、饮料、烟酒类零售市场成交额,A0I0A0402,2277.64
2009,食品类零售市场成交额,A0I0A0403,2073.24
2009,粮油类零售市场成交额,A0I0A0404,202.38
2009,肉禽蛋类零售市场成交额,A0I0A0405,593.05
2009,水产品类零售市场成交额,A0I0A0406,515.44
2009,蔬菜类零售市场成交额,A0I0A0407,427.95
2009,干鲜果品类零售市场成交额,A0I0A0408,173.87
2009,饮料类零售市场成交额,A0I0A0409,100.20
2009,烟酒类零售市场成交额,A0I0A040A,104.20
2009,服装鞋帽、针、纺织品类零售市场成交额,A0I0A040B,1236.24
2009,服装类零售市场成交额,A0I0A040C,814.58
2009,鞋帽类零售市场成交额,A0I0A040D,199.00
2009,针、纺织品类零售市场成交额,A0I0A040E,222.66
2009,化妆品类零售市场成交额,A0I0A040F,56.04
2009,金银珠宝类零售市场成交额,A0I0A040G,38.30
2009,日用品类零售市场成交额,A0I0A040H,345.08
2009,洗涤用品类零售市场成交额,A0I0A040I,65.20
2009,儿童玩具类零售市场成交额,A0I0A040J,40.22
2009,五金、电料类零售市场成交额,A0I0A040K,193.86
2009,体育、娱乐用品类零售市场成交额,A0I0A040L,33.80
2009,书报杂志类零售市场成交额,A0I0A040M,16.76
2009,电子出版物及音像制品类零售市场成交额,A0I0A040N,34.42
2009,家用电器和音像器材类零售市场成交额,A0I0A040O,171.87
2009,中西药品类零售市场成交额,A0I0A040P,56.22
2009,西药类零售市场成交额,A0I0A040Q,6.59
2009,中草药及中成药类零售市场成交额,A0I0A040R,46.75
2009,文化办公用品类零售市场成交额,A0I0A040S,475.31
2009,家具类零售市场成交额,A0I0A040T,546.72
2009,通讯器材类零售市场成交额,A0I0A040U,88.33
2009,煤炭及制品类零售市场成交额,A0I0A040V,1.99
2009,木材及制品类零售市场成交额,A0I0A040W,52.95
2009,石油及制品类零售市场成交额,A0I0A040X,1.61
2009,化工材料及制品类零售市场成交额,A0I0A040Y,20.04
2009,化肥类零售市场成交额,A0I0A040Z,7.12
2009,金属材料类零售市场成交额,A0I0A0410,49.13
2009,建筑及装潢材料类零售市场成交额,A0I0A0411,1166.51
2009,机电产品及设备类零售市场成交额,A0I0A0412,62.31
2009,农机类零售市场成交额,A0I0A0413,2.67
2009,汽车类零售市场成交额,A0I0A0414,2436.45
2009,种子饲料类零售市场成交额,A0I0A0415,4.13
2009,棉麻类零售市场成交额,A0I0A0416,5.18
2009,其他类零售市场成交额,A0I0A0417,281.31
2010,亿元以上商品交易零售市场成交额,A0I0A0401,11748.60
2010,食品、饮料、烟酒类零售市场成交额,A0I0A0402,2589.97
2010,食品类零售市场成交额,A0I0A0403,2371.35
2010,粮油类零售市场成交额,A0I0A0404,224.63
2010,肉禽蛋类零售市场成交额,A0I0A0405,709.65
2010,水产品类零售市场成交额,A0I0A0406,586.16
2010,蔬菜类零售市场成交额,A0I0A0407,492.70
2010,干鲜果品类零售市场成交额,A0I0A0408,224.37
2010,饮料类零售市场成交额,A0I0A0409,86.72
2010,烟酒类零售市场成交额,A0I0A040A,131.90
2010,服装鞋帽、针、纺织品类零售市场成交额,A0I0A040B,1411.56
2010,服装类零售市场成交额,A0I0A040C,936.89
2010,鞋帽类零售市场成交额,A0I0A040D,236.72
2010,针、纺织品类零售市场成交额,A0I0A040E,237.95
2010,化妆品类零售市场成交额,A0I0A040F,63.25
2010,金银珠宝类零售市场成交额,A0I0A040G,48.60
2010,日用品类零售市场成交额,A0I0A040H,435.97
2010,洗涤用品类零售市场成交额,A0I0A040I,69.80
2010,儿童玩具类零售市场成交额,A0I0A040J,42.33
2010,五金、电料类零售市场成交额,A0I0A040K,236.30
2010,体育、娱乐用品类零售市场成交额,A0I0A040L,37.25
2010,书报杂志类零售市场成交额,A0I0A040M,15.00
2010,电子出版物及音像制品类零售市场成交额,A0I0A040N,35.60
2010,家用电器和音像器材类零售市场成交额,A0I0A040O,195.73
2010,中西药品类零售市场成交额,A0I0A040P,23.22
2010,西药类零售市场成交额,A0I0A040Q,6.93
2010,中草药及中成药类零售市场成交额,A0I0A040R,12.91
2010,文化办公用品类零售市场成交额,A0I0A040S,594.89
2010,家具类零售市场成交额,A0I0A040T,712.61
2010,通讯器材类零售市场成交额,A0I0A040U,116.13
2010,煤炭及制品类零售市场成交额,A0I0A040V,2.28
2010,木材及制品类零售市场成交额,A0I0A040W,46.49
2010,石油及制品类零售市场成交额,A0I0A040X,1.81
2010,化工材料及制品类零售市场成交额,A0I0A040Y,20.91
2010,化肥类零售市场成交额,A0I0A040Z,6.56
2010,金属材料类零售市场成交额,A0I0A0410,41.04
2010,建筑及装潢材料类零售市场成交额,A0I0A0411,1397.90
2010,机电产品及设备类零售市场成交额,A0I0A0412,123.57
2010,农机类零售市场成交额,A0I0A0413,3.06
2010,汽车类零售市场成交额,A0I0A0414,3295.48
2010,种子饲料类零售市场成交额,A0I0A0415,5.46
2010,棉麻类零售市场成交额,A0I0A0416,5.61
2010,其他类零售市场成交额,A0I0A0417,291.99
2011,亿元以上商品交易零售市场成交额,A0I0A0401,12626.46
2011,食品、饮料、烟酒类零售市场成交额,A0I0A0402,2842.28
2011,食品类零售市场成交额,A0I0A0403,2608.11
2011,粮油类零售市场成交额,A0I0A0404,244.28
2011,肉禽蛋类零售市场成交额,A0I0A0405,821.71
2011,水产品类零售市场成交额,A0I0A0406,621.02
2011,蔬菜类零售市场成交额,A0I0A0407,551.65
2011,干鲜果品类零售市场成交额,A0I0A0408,240.31
2011,饮料类零售市场成交额,A0I0A0409,97.16
2011,烟酒类零售市场成交额,A0I0A040A,137.01
2011,服装鞋帽、针、纺织品类零售市场成交额,A0I0A040B,1563.35
2011,服装类零售市场成交额,A0I0A040C,985.09
2011,鞋帽类零售市场成交额,A0I0A040D,282.34
2011,针、纺织品类零售市场成交额,A0I0A040E,295.93
2011,化妆品类零售市场成交额,A0I0A040F,64.85
2011,金银珠宝类零售市场成交额,A0I0A040G,76.31
2011,日用品类零售市场成交额,A0I0A040H,530.99
2011,洗涤用品类零售市场成交额,A0I0A040I,56.32
2011,儿童玩具类零售市场成交额,A0I0A040J,45.76
2011,五金、电料类零售市场成交额,A0I0A040K,272.09
2011,体育、娱乐用品类零售市场成交额,A0I0A040L,34.02
2011,书报杂志类零售市场成交额,A0I0A040M,16.69
2011,电子出版物及音像制品类零售市场成交额,A0I0A040N,41.05
2011,家用电器和音像器材类零售市场成交额,A0I0A040O,222.72
2011,中西药品类零售市场成交额,A0I0A040P,42.41
2011,西药类零售市场成交额,A0I0A040Q,8.67
2011,中草药及中成药类零售市场成交额,A0I0A040R,29.76
2011,文化办公用品类零售市场成交额,A0I0A040S,681.65
2011,家具类零售市场成交额,A0I0A040T,730.99
2011,通讯器材类零售市场成交额,A0I0A040U,125.72
2011,煤炭及制品类零售市场成交额,A0I0A040V,5.39
2011,木材及制品类零售市场成交额,A0I0A040W,50.90
2011,石油及制品类零售市场成交额,A0I0A040X,2.02
2011,化工材料及制品类零售市场成交额,A0I0A040Y,23.51
2011,化肥类零售市场成交额,A0I0A040Z,8.35
2011,金属材料类零售市场成交额,A0I0A0410,44.49
2011,建筑及装潢材料类零售市场成交额,A0I0A0411,1367.14
2011,机电产品及设备类零售市场成交额,A0I0A0412,168.97
2011,农机类零售市场成交额,A0I0A0413,15.76
2011,汽车类零售市场成交额,A0I0A0414,3304.63
2011,种子饲料类零售市场成交额,A0I0A0415,6.17
2011,棉麻类零售市场成交额,A0I0A0416,5.96
2011,其他类零售市场成交额,A0I0A0417,402.13
2012,亿元以上商品交易零售市场成交额,A0I0A0401,12882.00
2012,食品、饮料、烟酒类零售市场成交额,A0I0A0402,3073.23
2012,食品类零售市场成交额,A0I0A0403,2788.45
2012,粮油类零售市场成交额,A0I0A0404,250.73
2012,肉禽蛋类零售市场成交额,A0I0A0405,875.45
2012,水产品类零售市场成交额,A0I0A0406,660.51
2012,蔬菜类零售市场成交额,A0I0A0407,578.34
2012,干鲜果品类零售市场成交额,A0I0A0408,256.96
2012,饮料类零售市场成交额,A0I0A0409,129.34
2012,烟酒类零售市场成交额,A0I0A040A,155.43
2012,服装鞋帽、针、纺织品类零售市场成交额,A0I0A040B,1659.16
2012,服装类零售市场成交额,A0I0A040C,1109.39
2012,鞋帽类零售市场成交额,A0I0A040D,288.85
2012,针、纺织品类零售市场成交额,A0I0A040E,260.92
2012,化妆品类零售市场成交额,A0I0A040F,70.74
2012,金银珠宝类零售市场成交额,A0I0A040G,80.20
2012,日用品类零售市场成交额,A0I0A040H,429.60
2012,洗涤用品类零售市场成交额,A0I0A040I,59.58
2012,儿童玩具类零售市场成交额,A0I0A040J,45.13
2012,五金、电料类零售市场成交额,A0I0A040K,262.94
2012,体育、娱乐用品类零售市场成交额,A0I0A040L,30.44
2012,书报杂志类零售市场成交额,A0I0A040M,16.55
2012,电子出版物及音像制品类零售市场成交额,A0I0A040N,51.14
2012,家用电器和音像器材类零售市场成交额,A0I0A040O,209.80
2012,中西药品类零售市场成交额,A0I0A040P,37.67
2012,西药类零售市场成交额,A0I0A040Q,8.89
2012,中草药及中成药类零售市场成交额,A0I0A040R,24.84
2012,文化办公用品类零售市场成交额,A0I0A040S,738.22
2012,家具类零售市场成交额,A0I0A040T,788.72
2012,通讯器材类零售市场成交额,A0I0A040U,121.66
2012,煤炭及制品类零售市场成交额,A0I0A040V,2.43
2012,木材及制品类零售市场成交额,A0I0A040W,31.15
2012,石油及制品类零售市场成交额,A0I0A040X,1.47
2012,化工材料及制品类零售市场成交额,A0I0A040Y,22.34
2012,化肥类零售市场成交额,A0I0A040Z,13.11
2012,金属材料类零售市场成交额,A0I0A0410,21.09
2012,建筑及装潢材料类零售市场成交额,A0I0A0411,992.17
2012,机电产品及设备类零售市场成交额,A0I0A0412,53.39
2012,农机类零售市场成交额,A0I0A0413,6.74
2012,汽车类零售市场成交额,A0I0A0414,3768.68
2012,种子饲料类零售市场成交额,A0I0A0415,5.19
2012,棉麻类零售市场成交额,A0I0A0416,8.52
2012,其他类零售市场成交额,A0I0A0417,405.47
2013,亿元以上商品交易零售市场成交额,A0I0A0401,13736.83
2013,食品、饮料、烟酒类零售市场成交额,A0I0A0402,3239.38
2013,食品类零售市场成交额,A0I0A0403,2968.48
2013,粮油类零售市场成交额,A0I0A0404,284.06
2013,肉禽蛋类零售市场成交额,A0I0A0405,883.75
2013,水产品类零售市场成交额,A0I0A0406,710.73
2013,蔬菜类零售市场成交额,A0I0A0407,643.32
2013,干鲜果品类零售市场成交额,A0I0A0408,285.98
2013,饮料类零售市场成交额,A0I0A0409,126.70
2013,烟酒类零售市场成交额,A0I0A040A,144.19
2013,服装鞋帽、针、纺织品类零售市场成交额,A0I0A040B,1942.56
2013,服装类零售市场成交额,A0I0A040C,1374.80
2013,鞋帽类零售市场成交额,A0I0A040D,300.99
2013,针、纺织品类零售市场成交额,A0I0A040E,266.78
2013,化妆品类零售市场成交额,A0I0A040F,65.60
2013,金银珠宝类零售市场成交额,A0I0A040G,89.05
2013,日用品类零售市场成交额,A0I0A040H,422.55
2013,洗涤用品类零售市场成交额,A0I0A040I,69.83
2013,儿童玩具类零售市场成交额,A0I0A040J,65.25
2013,五金、电料类零售市场成交额,A0I0A040K,272.75
2013,体育、娱乐用品类零售市场成交额,A0I0A040L,28.14
2013,书报杂志类零售市场成交额,A0I0A040M,17.73
2013,电子出版物及音像制品类零售市场成交额,A0I0A040N,34.80
2013,家用电器和音像器材类零售市场成交额,A0I0A040O,203.39
2013,中西药品类零售市场成交额,A0I0A040P,34.26
2013,西药类零售市场成交额,A0I0A040Q,7.29
2013,中草药及中成药类零售市场成交额,A0I0A040R,23.10
2013,文化办公用品类零售市场成交额,A0I0A040S,577.80
2013,家具类零售市场成交额,A0I0A040T,878.68
2013,通讯器材类零售市场成交额,A0I0A040U,156.73
2013,煤炭及制品类零售市场成交额,A0I0A040V,2.54
2013,木材及制品类零售市场成交额,A0I0A040W,32.17
2013,石油及制品类零售市场成交额,A0I0A040X,2.89
2013,化工材料及制品类零售市场成交额,A0I0A040Y,22.29
2013,化肥类零售市场成交额,A0I0A040Z,14.47
2013,金属材料类零售市场成交额,A0I0A0410,28.08
2013,建筑及装潢材料类零售市场成交额,A0I0A0411,1034.24
2013,机电产品及设备类零售市场成交额,A0I0A0412,42.51
2013,农机类零售市场成交额,A0I0A0413,8.96
2013,汽车类零售市场成交额,A0I0A0414,4167.96
2013,种子饲料类零售市场成交额,A0I0A0415,5.86
2013,棉麻类零售市场成交额,A0I0A0416,10.16
2013,其他类零售市场成交额,A0I0A0417,424.70
2014,亿元以上商品交易零售市场成交额,A0I0A0401,13986.23
2014,食品、饮料、烟酒类零售市场成交额,A0I0A0402,3069.60
2014,粮油类零售市场成交额,A0I0A0404,348.22
2014,肉禽蛋类零售市场成交额,A0I0A0405,883.56
2014,水产品类零售市场成交额,A0I0A0406,749.52
2014,蔬菜类零售市场成交额,A0I0A0407,651.17
2014,干鲜果品类零售市场成交额,A0I0A0408,286.80
2014,饮料类零售市场成交额,A0I0A0409,125.97
2014,烟酒类零售市场成交额,A0I0A040A,146.22
2014,服装鞋帽、针、纺织品类零售市场成交额,A0I0A040B,1949.22
2014,服装类零售市场成交额,A0I0A040C,1410.46
2014,鞋帽类零售市场成交额,A0I0A040D,302.84
2014,针、纺织品类零售市场成交额,A0I0A040E,235.92
2014,化妆品类零售市场成交额,A0I0A040F,67.56
2014,金银珠宝类零售市场成交额,A0I0A040G,105.57
2014,日用品类零售市场成交额,A0I0A040H,470.21
2014,儿童玩具类零售市场成交额,A0I0A040J,74.82
2014,五金、电料类零售市场成交额,A0I0A040K,270.66
2014,体育、娱乐用品类零售市场成交额,A0I0A040L,31.21
2014,书报杂志类零售市场成交额,A0I0A040M,17.35
2014,电子出版物及音像制品类零售市场成交额,A0I0A040N,26.54
2014,家用电器和音像器材类零售市场成交额,A0I0A040O,161.14
2014,中西药品类零售市场成交额,A0I0A040P,37.89
2014,西药类零售市场成交额,A0I0A040Q,7.77
2014,中草药及中成药类零售市场成交额,A0I0A040R,27.32
2014,文化办公用品类零售市场成交额,A0I0A040S,468.86
2014,家具类零售市场成交额,A0I0A040T,990.86
2014,通讯器材类零售市场成交额,A0I0A040U,121.80
2014,煤炭及制品类零售市场成交额,A0I0A040V,2.31
2014,木材及制品类零售市场成交额,A0I0A040W,27.46
2014,石油及制品类零售市场成交额,A0I0A040X,1.34
2014,化工材料及制品类零售市场成交额,A0I0A040Y,9.39
2014,化肥类零售市场成交额,A0I0A040Z,4.38
2014,金属材料类零售市场成交额,A0I0A0410,31.52
2014,建筑及装潢材料类零售市场成交额,A0I0A0411,1095.16
2014,机电产品及设备类零售市场成交额,A0I0A0412,43.27
2014,农机类零售市场成交额,A0I0A0413,10.13
2014,汽车类零售市场成交额,A0I0A0414,4236.02
2014,种子饲料类零售市场成交额,A0I0A0415,5.04
2014,棉麻类零售市场成交额,A0I0A0416,11.77
2014,其他类零售市场成交额,A0I0A0417,462.29
2015,亿元以上商品交易零售市场成交额,A0I0A0401,14296.84
2015,粮油类零售市场成交额,A0I0A0404,353.41
2015,肉禽蛋类零售市场成交额,A0I0A0405,929.47
2015,水产品类零售市场成交额,A0I0A0406,787.43
2015,蔬菜类零售市场成交额,A0I0A0407,674.06
2015,干鲜果品类零售市场成交额,A0I0A0408,291.64
2015,饮料类零售市场成交额,A0I0A0409,115.99
2015,烟酒类零售市场成交额,A0I0A040A,141.27
2015,服装鞋帽、针、纺织品类零售市场成交额,A0I0A040B,1934.61
2015,服装类零售市场成交额,A0I0A040C,1409.09
2015,鞋帽类零售市场成交额,A0I0A040D,298.85
2015,针、纺织品类零售市场成交额,A0I0A040E,226.67
2015,化妆品类零售市场成交额,A0I0A040F,68.64
2015,金银珠宝类零售市场成交额,A0I0A040G,101.15
2015,日用品类零售市场成交额,A0I0A040H,450.19
2015,儿童玩具类零售市场成交额,A0I0A040J,74.42
2015,五金、电料类零售市场成交额,A0I0A040K,257.55
2015,体育、娱乐用品类零售市场成交额,A0I0A040L,35.67
2015,书报杂志类零售市场成交额,A0I0A040M,17.30
2015,电子出版物及音像制品类零售市场成交额,A0I0A040N,37.14
2015,家用电器和音像器材类零售市场成交额,A0I0A040O,142.40
2015,中西药品类零售市场成交额,A0I0A040P,29.61
2015,西药类零售市场成交额,A0I0A040Q,6.74
2015,中草药及中成药类零售市场成交额,A0I0A040R,19.31
2015,文化办公用品类零售市场成交额,A0I0A040S,438.49
2015,家具类零售市场成交额,A0I0A040T,980.05
2015,通讯器材类零售市场成交额,A0I0A040U,109.30
2015,煤炭及制品类零售市场成交额,A0I0A040V,2.31
2015,木材及制品类零售市场成交额,A0I0A040W,35.98
2015,石油及制品类零售市场成交额,A0I0A040X,2.13
2015,化工材料及制品类零售市场成交额,A0I0A040Y,7.80
2015,化肥类零售市场成交额,A0I0A040Z,3.20
2015,金属材料类零售市场成交额,A0I0A0410,35.05
2015,建筑及装潢材料类零售市场成交额,A0I0A0411,1158.86
2015,机电产品及设备类零售市场成交额,A0I0A0412,33.44
2015,农机类零售市场成交额,A0I0A0413,4.73
2015,汽车类零售市场成交额,A0I0A0414,4459.98
2015,种子饲料类零售市场成交额,A0I0A0415,5.39
2015,棉麻类零售市场成交额,A0I0A0416,12.75
2015,其他类零售市场成交额,A0I0A0417,485.74
2016,亿元以上商品交易零售市场成交额,A0I0A0401,14280.36
2016,粮油类零售市场成交额,A0I0A0404,388.94
2016,肉禽蛋类零售市场成交额,A0I0A0405,919.23
2016,水产品类零售市场成交额,A0I0A0406,764.97
2016,蔬菜类零售市场成交额,A0I0A0407,675.95
2016,干鲜果品类零售市场成交额,A0I0A0408,313.00
2016,饮料类零售市场成交额,A0I0A0409,121.36
2016,烟酒类零售市场成交额,A0I0A040A,153.93
2016,服装鞋帽、针、纺织品类零售市场成交额,A0I0A040B,1844.14
2016,服装类零售市场成交额,A0I0A040C,1319.58
2016,鞋帽类零售市场成交额,A0I0A040D,286.26
2016,针、纺织品类零售市场成交额,A0I0A040E,238.30
2016,化妆品类零售市场成交额,A0I0A040F,67.18
2016,金银珠宝类零售市场成交额,A0I0A040G,89.41
2016,日用品类零售市场成交额,A0I0A040H,442.43
2016,儿童玩具类零售市场成交额,A0I0A040J,73.34
2016,五金、电料类零售市场成交额,A0I0A040K,243.72
2016,体育、娱乐用品类零售市场成交额,A0I0A040L,25.27
2016,书报杂志类零售市场成交额,A0I0A040M,17.59
2016,电子出版物及音像制品类零售市场成交额,A0I0A040N,33.48
2016,家用电器和音像器材类零售市场成交额,A0I0A040O,147.98
2016,中西药品类零售市场成交额,A0I0A040P,35.41
2016,西药类零售市场成交额,A0I0A040Q,6.38
2016,中草药及中成药类零售市场成交额,A0I0A040R,25.17
2016,文化办公用品类零售市场成交额,A0I0A040S,380.38
2016,家具类零售市场成交额,A0I0A040T,992.47
2016,通讯器材类零售市场成交额,A0I0A040U,101.56
2016,煤炭及制品类零售市场成交额,A0I0A040V,1.86
2016,木材及制品类零售市场成交额,A0I0A040W,33.49
2016,石油及制品类零售市场成交额,A0I0A040X,2.07
2016,化工材料及制品类零售市场成交额,A0I0A040Y,9.02
2016,化肥类零售市场成交额,A0I0A040Z,3.65
2016,金属材料类零售市场成交额,A0I0A0410,36.89
2016,建筑及装潢材料类零售市场成交额,A0I0A0411,1165.08
2016,机电产品及设备类零售市场成交额,A0I0A0412,39.21
2016,农机类零售市场成交额,A0I0A0413,6.63
2016,汽车类零售市场成交额,A0I0A0414,4600.65
2016,种子饲料类零售市场成交额,A0I0A0415,6.14
2016,棉麻类零售市场成交额,A0I0A0416,10.88
2016,其他类零售市场成交额,A0I0A0417,489.26
2017,亿元以上商品交易零售市场成交额,A0I0A0401,14250.74
2017,粮油类零售市场成交额,A0I0A0404,358.74
2017,肉禽蛋类零售市场成交额,A0I0A0405,887.25
2017,水产品类零售市场成交额,A0I0A0406,766.79
2017,蔬菜类零售市场成交额,A0I0A0407,655.31
2017,干鲜果品类零售市场成交额,A0I0A0408,288.66
2017,饮料类零售市场成交额,A0I0A0409,116.49
2017,烟酒类零售市场成交额,A0I0A040A,162.86
2017,服装鞋帽、针、纺织品类零售市场成交额,A0I0A040B,1717.03
2017,服装类零售市场成交额,A0I0A040C,1212.34
2017,鞋帽类零售市场成交额,A0I0A040D,276.82
2017,针、纺织品类零售市场成交额,A0I0A040E,227.88
2017,化妆品类零售市场成交额,A0I0A040F,67.14
2017,金银珠宝类零售市场成交额,A0I0A040G,92.75
2017,日用品类零售市场成交额,A0I0A040H,442.36
2017,儿童玩具类零售市场成交额,A0I0A040J,63.85
2017,五金、电料类零售市场成交额,A0I0A040K,229.59
2017,体育、娱乐用品类零售市场成交额,A0I0A040L,22.38
2017,书报杂志类零售市场成交额,A0I0A040M,20.00
2017,电子出版物及音像制品类零售市场成交额,A0I0A040N,29.85
2017,家用电器和音像器材类零售市场成交额,A0I0A040O,136.38
2017,中西药品类零售市场成交额,A0I0A040P,33.74
2017,西药类零售市场成交额,A0I0A040Q,6.30
2017,中草药及中成药类零售市场成交额,A0I0A040R,22.44
2017,文化办公用品类零售市场成交额,A0I0A040S,341.67
2017,家具类零售市场成交额,A0I0A040T,884.58
2017,通讯器材类零售市场成交额,A0I0A040U,91.99
2017,煤炭及制品类零售市场成交额,A0I0A040V,1.79
2017,木材及制品类零售市场成交额,A0I0A040W,33.86
2017,石油及制品类零售市场成交额,A0I0A040X,1.44
2017,化工材料及制品类零售市场成交额,A0I0A040Y,9.14
2017,化肥类零售市场成交额,A0I0A040Z,2.53
2017,金属材料类零售市场成交额,A0I0A0410,40.53
2017,建筑及装潢材料类零售市场成交额,A0I0A0411,1232.81
2017,机电产品及设备类零售市场成交额,A0I0A0412,34.10
2017,农机类零售市场成交额,A0I0A0413,5.37
2017,汽车类零售市场成交额,A0I0A0414,4718.70
2017,种子饲料类零售市场成交额,A0I0A0415,6.08
2017,棉麻类零售市场成交额,A0I0A0416,8.25
2017,其他类零售市场成交额,A0I0A0417,502.14
2018,亿元以上商品交易零售市场成交额,A0I0A0401,14050.09
2018,粮油类零售市场成交额,A0I0A0404,320.54
2018,肉禽蛋类零售市场成交额,A0I0A0405,886.98
2018,水产品类零售市场成交额,A0I0A0406,750.78
2018,蔬菜类零售市场成交额,A0I0A0407,652.49
2018,干鲜果品类零售市场成交额,A0I0A0408,305.65
2018,饮料类零售市场成交额,A0I0A0409,113.15
2018,烟酒类零售市场成交额,A0I0A040A,153.74
2018,服装鞋帽、针、纺织品类零售市场成交额,A0I0A040B,1472.22
2018,服装类零售市场成交额,A0I0A040C,1049.81
2018,鞋帽类零售市场成交额,A0I0A040D,236.25
2018,针、纺织品类零售市场成交额,A0I0A040E,186.15
2018,化妆品类零售市场成交额,A0I0A040F,68.59
2018,金银珠宝类零售市场成交额,A0I0A040G,77.04
2018,日用品类零售市场成交额,A0I0A040H,332.29
2018,五金、电料类零售市场成交额,A0I0A040K,257.20
2018,体育、娱乐用品类零售市场成交额,A0I0A040L,30.50
2018,书报杂志类零售市场成交额,A0I0A040M,16.44
2018,电子出版物及音像制品类零售市场成交额,A0I0A040N,18.39
2018,家用电器和音像器材类零售市场成交额,A0I0A040O,129.34
2018,中西药品类零售市场成交额,A0I0A040P,75.80
2018,西药类零售市场成交额,A0I0A040Q,7.64
2018,中草药及中成药类零售市场成交额,A0I0A040R,63.28
2018,文化办公用品类零售市场成交额,A0I0A040S,266.62
2018,家具类零售市场成交额,A0I0A040T,1030.07
2018,通讯器材类零售市场成交额,A0I0A040U,76.15
2018,煤炭及制品类零售市场成交额,A0I0A040V,2.12
2018,木材及制品类零售市场成交额,A0I0A040W,56.51
2018,石油及制品类零售市场成交额,A0I0A040X,0.98
2018,化工材料及制品类零售市场成交额,A0I0A040Y,9.01
2018,化肥类零售市场成交额,A0I0A040Z,3.36
2018,金属材料类零售市场成交额,A0I0A0410,74.34
2018,建筑及装潢材料类零售市场成交额,A0I0A0411,1426.59
2018,机电产品及设备类零售市场成交额,A0I0A0412,27.76
2018,农机类零售市场成交额,A0I0A0413,5.06
2018,汽车类零售市场成交额,A0I0A0414,4681.03
2018,种子饲料类零售市场成交额,A0I0A0415,6.61
2018,棉麻类零售市场成交额,A0I0A0416,4.04
2018,其他类零售市场成交额,A0I0A0417,378.21
2019,亿元以上商品交易零售市场成交额,A0I0A0401,13283.37
2019,粮油类零售市场成交额,A0I0A0404,283.02
2019,肉禽蛋类零售市场成交额,A0I0A0405,911.16
2019,水产品类零售市场成交额,A0I0A0406,716.37
2019,蔬菜类零售市场成交额,A0I0A0407,616.39
2019,干鲜果品类零售市场成交额,A0I0A0408,256.20
2019,饮料类零售市场成交额,A0I0A0409,101.95
2019,烟酒类零售市场成交额,A0I0A040A,110.76
2019,服装鞋帽、针、纺织品类零售市场成交额,A0I0A040B,1411.49
2019,服装类零售市场成交额,A0I0A040C,993.67
2019,鞋帽类零售市场成交额,A0I0A040D,234.60
2019,针、纺织品类零售市场成交额,A0I0A040E,183.22
2019,化妆品类零售市场成交额,A0I0A040F,62.70
2019,金银珠宝类零售市场成交额,A0I0A040G,113.25
2019,日用品类零售市场成交额,A0I0A040H,321.38
2019,五金、电料类零售市场成交额,A0I0A040K,225.94
2019,体育、娱乐用品类零售市场成交额,A0I0A040L,21.93
2019,书报杂志类零售市场成交额,A0I0A040M,17.11
2019,电子出版物及音像制品类零售市场成交额,A0I0A040N,15.20
2019,家用电器和音像器材类零售市场成交额,A0I0A040O,112.01
2019,中西药品类零售市场成交额,A0I0A040P,92.25
2019,西药类零售市场成交额,A0I0A040Q,5.08
2019,中草药及中成药类零售市场成交额,A0I0A040R,83.06
2019,文化办公用品类零售市场成交额,A0I0A040S,225.46
2019,家具类零售市场成交额,A0I0A040T,908.02
2019,通讯器材类零售市场成交额,A0I0A040U,67.91
2019,煤炭及制品类零售市场成交额,A0I0A040V,1.13
2019,木材及制品类零售市场成交额,A0I0A040W,54.20
2019,石油及制品类零售市场成交额,A0I0A040X,0.91
2019,化工材料及制品类零售市场成交额,A0I0A040Y,8.52
2019,化肥类零售市场成交额,A0I0A040Z,3.12
2019,金属材料类零售市场成交额,A0I0A0410,57.48
2019,建筑及装潢材料类零售市场成交额,A0I0A0411,1265.67
2019,机电产品及设备类零售市场成交额,A0I0A0412,30.45
2019,农机类零售市场成交额,A0I0A0413,4.89
2019,汽车类零售市场成交额,A0I0A0414,4680.45
2019,种子饲料类零售市场成交额,A0I0A0415,5.40
2019,棉麻类零售市场成交额,A0I0A0416,2.58
2019,其他类零售市场成交额,A0I0A0417,297.12
2020,亿元以上商品交易零售市场成交额,A0I0A0401,11874.10
2020,粮油类零售市场成交额,A0I0A0404,223.37
2020,肉禽蛋类零售市场成交额,A0I0A0405,832.47
2020,水产品类零售市场成交额,A0I0A0406,637.50
2020,蔬菜类零售市场成交额,A0I0A0407,541.42
2020,干鲜果品类零售市场成交额,A0I0A0408,229.09
2020,饮料类零售市场成交额,A0I0A0409,88.12
2020,烟酒类零售市场成交额,A0I0A040A,85.24
2020,服装鞋帽、针、纺织品类零售市场成交额,A0I0A040B,1085.87
2020,服装类零售市场成交额,A0I0A040C,749.45
2020,鞋帽类零售市场成交额,A0I0A040D,193.96
2020,针、纺织品类零售市场成交额,A0I0A040E,142.45
2020,化妆品类零售市场成交额,A0I0A040F,47.62
2020,金银珠宝类零售市场成交额,A0I0A040G,96.21
2020,日用品类零售市场成交额,A0I0A040H,259.32
2020,五金、电料类零售市场成交额,A0I0A040K,221.67
2020,体育、娱乐用品类零售市场成交额,A0I0A040L,32.32
2020,书报杂志类零售市场成交额,A0I0A040M,18.09
2020,电子出版物及音像制品类零售市场成交额,A0I0A040N,13.85
2020,家用电器和音像器材类零售市场成交额,A0I0A040O,87.04
2020,中西药品类零售市场成交额,A0I0A040P,96.32
2020,西药类零售市场成交额,A0I0A040Q,4.31
2020,中草药及中成药类零售市场成交额,A0I0A040R,87.86
2020,文化办公用品类零售市场成交额,A0I0A040S,254.66
2020,家具类零售市场成交额,A0I0A040T,697.55
2020,通讯器材类零售市场成交额,A0I0A040U,70.48
2020,煤炭及制品类零售市场成交额,A0I0A040V,0.86
2020,木材及制品类零售市场成交额,A0I0A040W,68.42
2020,石油及制品类零售市场成交额,A0I0A040X,0.99
2020,化工材料及制品类零售市场成交额,A0I0A040Y,19.95
2020,化肥类零售市场成交额,A0I0A040Z,2.37
2020,金属材料类零售市场成交额,A0I0A0410,57.03
2020,建筑及装潢材料类零售市场成交额,A0I0A0411,1057.56
2020,机电产品及设备类零售市场成交额,A0I0A0412,35.96
2020,农机类零售市场成交额,A0I0A0413,7.42
2020,汽车类零售市场成交额,A0I0A0414,4477.75
2020,种子饲料类零售市场成交额,A0I0A0415,5.36
2020,棉麻类零售市场成交额,A0I0A0416,1.82
2020,其他类零售市场成交额,A0I0A0417,277.43
2021,亿元以上商品交易零售市场成交额,A0I0A0401,11914.45
2021,粮油类零售市场成交额,A0I0A0404,219.00
2021,肉禽蛋类零售市场成交额,A0I0A0405,774.18
2021,水产品类零售市场成交额,A0I0A0406,594.82
2021,蔬菜类零售市场成交额,A0I0A0407,516.09
2021,干鲜果品类零售市场成交额,A0I0A0408,218.76
2021,饮料类零售市场成交额,A0I0A0409,83.06
2021,烟酒类零售市场成交额,A0I0A040A,80.75
2021,服装鞋帽、针、纺织品类零售市场成交额,A0I0A040B,945.78
2021,服装类零售市场成交额,A0I0A040C,664.83
2021,鞋帽类零售市场成交额,A0I0A040D,168.23
2021,针、纺织品类零售市场成交额,A0I0A040E,112.72
2021,化妆品类零售市场成交额,A0I0A040F,48.26
2021,金银珠宝类零售市场成交额,A0I0A040G,68.29
2021,日用品类零售市场成交额,A0I0A040H,231.46
2021,五金、电料类零售市场成交额,A0I0A040K,170.88
2021,体育、娱乐用品类零售市场成交额,A0I0A040L,40.77
2021,书报杂志类零售市场成交额,A0I0A040M,19.47
2021,电子出版物及音像制品类零售市场成交额,A0I0A040N,13.16
2021,家用电器和音像器材类零售市场成交额,A0I0A040O,88.40
2021,中西药品类零售市场成交额,A0I0A040P,116.51
2021,西药类零售市场成交额,A0I0A040Q,23.63
2021,中草药及中成药类零售市场成交额,A0I0A040R,87.70
2021,文化办公用品类零售市场成交额,A0I0A040S,364.97
2021,家具类零售市场成交额,A0I0A040T,708.66
2021,通讯器材类零售市场成交额,A0I0A040U,75.33
2021,煤炭及制品类零售市场成交额,A0I0A040V,1.91
2021,木材及制品类零售市场成交额,A0I0A040W,39.68
2021,石油及制品类零售市场成交额,A0I0A040X,3.12
2021,化工材料及制品类零售市场成交额,A0I0A040Y,22.37
2021,化肥类零售市场成交额,A0I0A040Z,1.85
2021,金属材料类零售市场成交额,A0I0A0410,49.12
2021,建筑及装潢材料类零售市场成交额,A0I0A0411,1064.03
2021,机电产品及设备类零售市场成交额,A0I0A0412,30.64
2021,农机类零售市场成交额,A0I0A0413,5.62
2021,汽车类零售市场成交额,A0I0A0414,4784.27
2021,种子饲料类零售市场成交额,A0I0A0415,5.06
2021,棉麻类零售市场成交额,A0I0A0416,2.31
2021,其他类零售市场成交额,A0I0A0417,273.01
2022,亿元以上商品交易零售市场成交额,A0I0A0401,10860.91
2022,粮油类零售市场成交额,A0I0A0404,201.83
2022,肉禽蛋类零售市场成交额,A0I0A0405,728.47
2022,水产品类零售市场成交额,A0I0A0406,565.24
2022,蔬菜类零售市场成交额,A0I0A0407,530.33
2022,干鲜果品类零售市场成交额,A0I0A0408,214.62
2022,饮料类零售市场成交额,A0I0A0409,76.92
2022,烟酒类零售市场成交额,A0I0A040A,73.79
2022,服装鞋帽、针、纺织品类零售市场成交额,A0I0A040B,829.19
2022,服装类零售市场成交额,A0I0A040C,599.75
2022,鞋帽类零售市场成交额,A0I0A040D,134.46
2022,针、纺织品类零售市场成交额,A0I0A040E,94.99
2022,化妆品类零售市场成交额,A0I0A040F,40.28
2022,金银珠宝类零售市场成交额,A0I0A040G,67.59
2022,日用品类零售市场成交额,A0I0A040H,227.90
2022,五金、电料类零售市场成交额,A0I0A040K,192.32
2022,体育、娱乐用品类零售市场成交额,A0I0A040L,34.31
2022,书报杂志类零售市场成交额,A0I0A040M,15.27
2022,电子出版物及音像制品类零售市场成交额,A0I0A040N,12.88
2022,家用电器和音像器材类零售市场成交额,A0I0A040O,88.77
2022,中西药品类零售市场成交额,A0I0A040P,108.75
2022,西药类零售市场成交额,A0I0A040Q,21.55
2022,中草药及中成药类零售市场成交额,A0I0A040R,81.75
2022,文化办公用品类零售市场成交额,A0I0A040S,205.52
2022,家具类零售市场成交额,A0I0A040T,605.67
2022,通讯器材类零售市场成交额,A0I0A040U,76.18
2022,煤炭及制品类零售市场成交额,A0I0A040V,1.31
2022,木材及制品类零售市场成交额,A0I0A040W,64.03
2022,石油及制品类零售市场成交额,A0I0A040X,1.13
2022,化工材料及制品类零售市场成交额,A0I0A040Y,26.82
2022,化肥类零售市场成交额,A0I0A040Z,2.97
2022,金属材料类零售市场成交额,A0I0A0410,58.44
2022,建筑及装潢材料类零售市场成交额,A0I0A0411,1018.52
2022,机电产品及设备类零售市场成交额,A0I0A0412,35.71
2022,农机类零售市场成交额,A0I0A0413,8.22
2022,汽车类零售市场成交额,A0I0A0414,4272.51
2022,种子饲料类零售市场成交额,A0I0A0415,5.17
2022,棉麻类零售市场成交额,A0I0A0416,5.87
2022,其他类零售市场成交额,A0I0A0417,246.18
2022,亿元以上商品交易零售市场成交额,A0I0A0401,10860.91
2022,粮油类零售市场成交额,A0I0A0404,201.83
2022,肉禽蛋类零售市场成交额,A0I0A0405,728.47
2022,水产品类零售市场成交额,A0I0A0406,565.24
2022,蔬菜类零售市场成交额,A0I0A0407,530.33
2022,干鲜果品类零售市场成交额,A0I0A0408,214.62
2022,饮料类零售市场成交额,A0I0A0409,76.92
2022,烟酒类零售市场成交额,A0I0A040A,73.79
2022,服装鞋帽、针、纺织品类零售市场成交额,A0I0A040B,829.19
2022,服装类零售市场成交额,A0I0A040C,599.75
2022,鞋帽类零售市场成交额,A0I0A040D,134.46
2022,针、纺织品类零售市场成交额,A0I0A040E,94.99
2022,化妆品类零售市场成交额,A0I0A040F,40.28
2022,金银珠宝类零售市场成交额,A0I0A040G,67.59
2022,日用品类零售市场成交额,A0I0A040H,227.90
2022,五金、电料类零售市场成交额,A0I0A040K,192.32
2022,体育、娱乐用品类零售市场成交额,A0I0A040L,34.31
2022,书报杂志类零售市场成交额,A0I0A040M,15.27
2022,电子出版物及音像制品类零售市场成交额,A0I0A040N,12.88
2022,家用电器和音像器材类零售市场成交额,A0I0A040O,88.77
2022,中西药品类零售市场成交额,A0I0A040P,108.75
2022,西药类零售市场成交额,A0I0A040Q,21.55
2022,中草药及中成药类零售市场成交额,A0I0A040R,81.75
2022,文化办公用品类零售市场成交额,A0I0A040S,205.52
2022,家具类零售市场成交额,A0I0A040T,605.67
2022,通讯器材类零售市场成交额,A0I0A040U,76.18
2022,煤炭及制品类零售市场成交额,A0I0A040V,1.31
2022,木材及制品类零售市场成交额,A0I0A040W,64.03
2022,石油及制品类零售市场成交额,A0I0A040X,1.13
2022,化工材料及制品类零售市场成交额,A0I0A040Y,26.82
2022,化肥类零售市场成交额,A0I0A040Z,2.97
2022,金属材料类零售市场成交额,A0I0A0410,58.44
2022,建筑及装潢材料类零售市场成交额,A0I0A0411,1018.52
2022,机电产品及设备类零售市场成交额,A0I0A0412,35.71
2022,农机类零售市场成交额,A0I0A0413,8.22
2022,汽车类零售市场成交额,A0I0A0414,4272.51
2022,种子饲料类零售市场成交额,A0I0A0415,5.17
2022,棉麻类零售市场成交额,A0I0A0416,5.87
2022,其他类零售市场成交额,A0I0A0417,246.18
2022,亿元以上商品交易零售市场成交额,A0I0A0401,10860.91
2022,粮油类零售市场成交额,A0I0A0404,201.83
2022,肉禽蛋类零售市场成交额,A0I0A0405,728.47
2022,水产品类零售市场成交额,A0I0A0406,565.24
2022,蔬菜类零售市场成交额,A0I0A0407,530.33
2022,干鲜果品类零售市场成交额,A0I0A0408,214.62
2022,饮料类零售市场成交额,A0I0A0409,76.92
2022,烟酒类零售市场成交额,A0I0A040A,73.79
2022,服装鞋帽、针、纺织品类零售市场成交额,A0I0A040B,829.19
2022,服装类零售市场成交额,A0I0A040C,599.75
2022,鞋帽类零售市场成交额,A0I0A040D,134.46
2022,针、纺织品类零售市场成交额,A0I0A040E,94.99
2022,化妆品类零售市场成交额,A0I0A040F,40.28
2022,金银珠宝类零售市场成交额,A0I0A040G,67.59
2022,日用品类零售市场成交额,A0I0A040H,227.90
2022,五金、电料类零售市场成交额,A0I0A040K,192.32
2022,体育、娱乐用品类零售市场成交额,A0I0A040L,34.31
2022,书报杂志类零售市场成交额,A0I0A040M,15.27
2022,电子出版物及音像制品类零售市场成交额,A0I0A040N,12.88
2022,家用电器和音像器材类零售市场成交额,A0I0A040O,88.77
2022,中西药品类零售市场成交额,A0I0A040P,108.75
2022,西药类零售市场成交额,A0I0A040Q,21.55
2022,中草药及中成药类零售市场成交额,A0I0A040R,81.75
2022,文化办公用品类零售市场成交额,A0I0A040S,205.52
2022,家具类零售市场成交额,A0I0A040T,605.67
2022,通讯器材类零售市场成交额,A0I0A040U,76.18
2022,煤炭及制品类零售市场成交额,A0I0A040V,1.31
2022,木材及制品类零售市场成交额,A0I0A040W,64.03
2022,石油及制品类零售市场成交额,A0I0A040X,1.13
2022,化工材料及制品类零售市场成交额,A0I0A040Y,26.82
2022,化肥类零售市场成交额,A0I0A040Z,2.97
2022,金属材料类零售市场成交额,A0I0A0410,58.44
2022,建筑及装潢材料类零售市场成交额,A0I0A0411,1018.52
2022,机电产品及设备类零售市场成交额,A0I0A0412,35.71
2022,农机类零售市场成交额,A0I0A0413,8.22
2022,汽车类零售市场成交额,A0I0A0414,4272.51
2022,种子饲料类零售市场成交额,A0I0A0415,5.17
2022,棉麻类零售市场成交额,A0I0A0416,5.87
2022,其他类零售市场成交额,A0I0A0417,246.18
