2000,日本专利申请受理数,A0N0X0101,9888.00
2000,马来西亚专利申请受理数,A0N0X0102,13.00
2000,新加坡专利申请受理数,A0N0X0103,54.00
2000,泰国专利申请受理数,A0N0X0104,26.00
2000,韩国专利申请受理数,A0N0X0105,1861.00
2000,塞普路斯专利申请受理数,A0N0X0106,4.00
2000,印度专利申请受理数,A0N0X0107,19.00
2000,摩纳哥专利申请受理数,A0N0X0108,6.00
2000,南非专利申请受理数,A0N0X0109,37.00
2000,德国专利申请受理数,A0N0X010A,2787.00
2000,荷兰专利申请受理数,A0N0X010B,993.00
2000,英国专利申请受理数,A0N0X010C,802.00
2000,瑞士专利申请受理数,A0N0X010D,867.00
2000,丹麦专利申请受理数,A0N0X010E,229.00
2000,匈牙利专利申请受理数,A0N0X010F,19.00
2000,奥地利专利申请受理数,A0N0X010G,122.00
2000,比利时专利申请受理数,A0N0X010H,126.00
2000,法国专利申请受理数,A0N0X010I,1387.00
2000,挪威专利申请受理数,A0N0X010J,75.00
2000,俄罗斯联邦专利申请受理数,A0N0X010K,42.00
2000,卢森堡专利申请受理数,A0N0X010L,54.00
2000,列支敦士登专利申请受理数,A0N0X010M,32.00
2000,西班牙专利申请受理数,A0N0X010N,62.00
2000,捷克专利申请受理数,A0N0X010O,1.00
2000,波兰专利申请受理数,A0N0X010P,1.00
2000,爱尔兰专利申请受理数,A0N0X010Q,22.00
2000,芬兰专利申请受理数,A0N0X010R,378.00
2000,意大利专利申请受理数,A0N0X010S,382.00
2000,瑞典专利申请受理数,A0N0X010T,768.00
2000,以色列专利申请受理数,A0N0X010U,162.00
2000,巴西专利申请受理数,A0N0X010V,27.00
2000,美国专利申请受理数,A0N0X010W,8418.00
2000,加拿大专利申请受理数,A0N0X010X,235.00
2000,新西兰专利申请受理数,A0N0X010Y,33.00
2000,澳大利亚专利申请受理数,A0N0X010Z,232.00
2001,日本专利申请受理数,A0N0X0101,13736.00
2001,马来西亚专利申请受理数,A0N0X0102,32.00
2001,新加坡专利申请受理数,A0N0X0103,84.00
2001,泰国专利申请受理数,A0N0X0104,33.00
2001,韩国专利申请受理数,A0N0X0105,2498.00
2001,塞普路斯专利申请受理数,A0N0X0106,9.00
2001,印度专利申请受理数,A0N0X0107,64.00
2001,摩纳哥专利申请受理数,A0N0X0108,7.00
2001,南非专利申请受理数,A0N0X0109,32.00
2001,德国专利申请受理数,A0N0X010A,3454.00
2001,荷兰专利申请受理数,A0N0X010B,1397.00
2001,英国专利申请受理数,A0N0X010C,913.00
2001,瑞士专利申请受理数,A0N0X010D,1020.00
2001,丹麦专利申请受理数,A0N0X010E,273.00
2001,匈牙利专利申请受理数,A0N0X010F,14.00
2001,奥地利专利申请受理数,A0N0X010G,178.00
2001,比利时专利申请受理数,A0N0X010H,160.00
2001,法国专利申请受理数,A0N0X010I,1521.00
2001,挪威专利申请受理数,A0N0X010J,109.00
2001,俄罗斯联邦专利申请受理数,A0N0X010K,43.00
2001,卢森堡专利申请受理数,A0N0X010L,27.00
2001,列支敦士登专利申请受理数,A0N0X010M,71.00
2001,西班牙专利申请受理数,A0N0X010N,95.00
2001,波兰专利申请受理数,A0N0X010P,5.00
2001,爱尔兰专利申请受理数,A0N0X010Q,28.00
2001,芬兰专利申请受理数,A0N0X010R,475.00
2001,意大利专利申请受理数,A0N0X010S,495.00
2001,瑞典专利申请受理数,A0N0X010T,967.00
2001,以色列专利申请受理数,A0N0X010U,133.00
2001,巴西专利申请受理数,A0N0X010V,43.00
2001,美国专利申请受理数,A0N0X010W,8994.00
2001,加拿大专利申请受理数,A0N0X010X,308.00
2001,新西兰专利申请受理数,A0N0X010Y,52.00
2001,澳大利亚专利申请受理数,A0N0X010Z,308.00
2002,日本专利申请受理数,A0N0X0101,18275.00
2002,马来西亚专利申请受理数,A0N0X0102,32.00
2002,新加坡专利申请受理数,A0N0X0103,106.00
2002,泰国专利申请受理数,A0N0X0104,42.00
2002,韩国专利申请受理数,A0N0X0105,3626.00
2002,塞普路斯专利申请受理数,A0N0X0106,4.00
2002,印度专利申请受理数,A0N0X0107,64.00
2002,摩纳哥专利申请受理数,A0N0X0108,8.00
2002,南非专利申请受理数,A0N0X0109,52.00
2002,德国专利申请受理数,A0N0X010A,4015.00
2002,荷兰专利申请受理数,A0N0X010B,2147.00
2002,英国专利申请受理数,A0N0X010C,1025.00
2002,瑞士专利申请受理数,A0N0X010D,1110.00
2002,丹麦专利申请受理数,A0N0X010E,254.00
2002,匈牙利专利申请受理数,A0N0X010F,31.00
2002,奥地利专利申请受理数,A0N0X010G,176.00
2002,比利时专利申请受理数,A0N0X010H,156.00
2002,法国专利申请受理数,A0N0X010I,1932.00
2002,挪威专利申请受理数,A0N0X010J,92.00
2002,俄罗斯联邦专利申请受理数,A0N0X010K,56.00
2002,卢森堡专利申请受理数,A0N0X010L,32.00
2002,列支敦士登专利申请受理数,A0N0X010M,69.00
2002,西班牙专利申请受理数,A0N0X010N,134.00
2002,捷克专利申请受理数,A0N0X010O,10.00
2002,波兰专利申请受理数,A0N0X010P,10.00
2002,爱尔兰专利申请受理数,A0N0X010Q,34.00
2002,芬兰专利申请受理数,A0N0X010R,596.00
2002,意大利专利申请受理数,A0N0X010S,627.00
2002,瑞典专利申请受理数,A0N0X010T,952.00
2002,以色列专利申请受理数,A0N0X010U,147.00
2002,巴西专利申请受理数,A0N0X010V,44.00
2002,美国专利申请受理数,A0N0X010W,10012.00
2002,加拿大专利申请受理数,A0N0X010X,356.00
2002,新西兰专利申请受理数,A0N0X010Y,41.00
2002,澳大利亚专利申请受理数,A0N0X010Z,477.00
2003,日本专利申请受理数,A0N0X0101,24241.00
2003,马来西亚专利申请受理数,A0N0X0102,32.00
2003,新加坡专利申请受理数,A0N0X0103,142.00
2003,泰国专利申请受理数,A0N0X0104,61.00
2003,韩国专利申请受理数,A0N0X0105,5015.00
2003,塞普路斯专利申请受理数,A0N0X0106,14.00
2003,印度专利申请受理数,A0N0X0107,118.00
2003,摩纳哥专利申请受理数,A0N0X0108,6.00
2003,南非专利申请受理数,A0N0X0109,56.00
2003,德国专利申请受理数,A0N0X010A,4522.00
2003,荷兰专利申请受理数,A0N0X010B,1376.00
2003,英国专利申请受理数,A0N0X010C,1314.00
2003,瑞士专利申请受理数,A0N0X010D,1374.00
2003,丹麦专利申请受理数,A0N0X010E,315.00
2003,匈牙利专利申请受理数,A0N0X010F,12.00
2003,奥地利专利申请受理数,A0N0X010G,185.00
2003,比利时专利申请受理数,A0N0X010H,189.00
2003,法国专利申请受理数,A0N0X010I,1941.00
2003,挪威专利申请受理数,A0N0X010J,120.00
2003,俄罗斯联邦专利申请受理数,A0N0X010K,57.00
2003,卢森堡专利申请受理数,A0N0X010L,42.00
2003,列支敦士登专利申请受理数,A0N0X010M,79.00
2003,西班牙专利申请受理数,A0N0X010N,164.00
2003,捷克专利申请受理数,A0N0X010O,13.00
2003,波兰专利申请受理数,A0N0X010P,6.00
2003,爱尔兰专利申请受理数,A0N0X010Q,54.00
2003,芬兰专利申请受理数,A0N0X010R,598.00
2003,意大利专利申请受理数,A0N0X010S,765.00
2003,瑞典专利申请受理数,A0N0X010T,694.00
2003,以色列专利申请受理数,A0N0X010U,163.00
2003,巴西专利申请受理数,A0N0X010V,58.00
2003,美国专利申请受理数,A0N0X010W,12221.00
2003,加拿大专利申请受理数,A0N0X010X,407.00
2003,新西兰专利申请受理数,A0N0X010Y,43.00
2003,澳大利亚专利申请受理数,A0N0X010Z,450.00
2004,日本专利申请受理数,A0N0X0101,30444.00
2004,马来西亚专利申请受理数,A0N0X0102,66.00
2004,新加坡专利申请受理数,A0N0X0103,156.00
2004,泰国专利申请受理数,A0N0X0104,51.00
2004,韩国专利申请受理数,A0N0X0105,6660.00
2004,塞普路斯专利申请受理数,A0N0X0106,9.00
2004,印度专利申请受理数,A0N0X0107,171.00
2004,摩纳哥专利申请受理数,A0N0X0108,4.00
2004,南非专利申请受理数,A0N0X0109,69.00
2004,德国专利申请受理数,A0N0X010A,5917.00
2004,荷兰专利申请受理数,A0N0X010B,2960.00
2004,英国专利申请受理数,A0N0X010C,1401.00
2004,瑞士专利申请受理数,A0N0X010D,1744.00
2004,丹麦专利申请受理数,A0N0X010E,406.00
2004,匈牙利专利申请受理数,A0N0X010F,33.00
2004,奥地利专利申请受理数,A0N0X010G,223.00
2004,比利时专利申请受理数,A0N0X010H,275.00
2004,法国专利申请受理数,A0N0X010I,2465.00
2004,挪威专利申请受理数,A0N0X010J,159.00
2004,俄罗斯联邦专利申请受理数,A0N0X010K,65.00
2004,卢森堡专利申请受理数,A0N0X010L,28.00
2004,列支敦士登专利申请受理数,A0N0X010M,87.00
2004,西班牙专利申请受理数,A0N0X010N,213.00
2004,捷克专利申请受理数,A0N0X010O,25.00
2004,波兰专利申请受理数,A0N0X010P,12.00
2004,爱尔兰专利申请受理数,A0N0X010Q,77.00
2004,芬兰专利申请受理数,A0N0X010R,817.00
2004,意大利专利申请受理数,A0N0X010S,1167.00
2004,瑞典专利申请受理数,A0N0X010T,899.00
2004,以色列专利申请受理数,A0N0X010U,251.00
2004,巴西专利申请受理数,A0N0X010V,63.00
2004,美国专利申请受理数,A0N0X010W,16187.00
2004,加拿大专利申请受理数,A0N0X010X,607.00
2004,新西兰专利申请受理数,A0N0X010Y,44.00
2004,澳大利亚专利申请受理数,A0N0X010Z,637.00
2005,日本专利申请受理数,A0N0X0101,36221.00
2005,马来西亚专利申请受理数,A0N0X0102,46.00
2005,新加坡专利申请受理数,A0N0X0103,208.00
2005,泰国专利申请受理数,A0N0X0104,25.00
2005,韩国专利申请受理数,A0N0X0105,9300.00
2005,塞普路斯专利申请受理数,A0N0X0106,17.00
2005,印度专利申请受理数,A0N0X0107,217.00
2005,摩纳哥专利申请受理数,A0N0X0108,4.00
2005,南非专利申请受理数,A0N0X0109,84.00
2005,德国专利申请受理数,A0N0X010A,7502.00
2005,荷兰专利申请受理数,A0N0X010B,3988.00
2005,英国专利申请受理数,A0N0X010C,1613.00
2005,瑞士专利申请受理数,A0N0X010D,2106.00
2005,丹麦专利申请受理数,A0N0X010E,478.00
2005,匈牙利专利申请受理数,A0N0X010F,33.00
2005,奥地利专利申请受理数,A0N0X010G,284.00
2005,比利时专利申请受理数,A0N0X010H,380.00
2005,法国专利申请受理数,A0N0X010I,3190.00
2005,挪威专利申请受理数,A0N0X010J,168.00
2005,俄罗斯联邦专利申请受理数,A0N0X010K,50.00
2005,卢森堡专利申请受理数,A0N0X010L,53.00
2005,列支敦士登专利申请受理数,A0N0X010M,84.00
2005,西班牙专利申请受理数,A0N0X010N,373.00
2005,捷克专利申请受理数,A0N0X010O,77.00
2005,波兰专利申请受理数,A0N0X010P,22.00
2005,爱尔兰专利申请受理数,A0N0X010Q,82.00
2005,芬兰专利申请受理数,A0N0X010R,851.00
2005,意大利专利申请受理数,A0N0X010S,1632.00
2005,瑞典专利申请受理数,A0N0X010T,1101.00
2005,以色列专利申请受理数,A0N0X010U,237.00
2005,巴西专利申请受理数,A0N0X010V,82.00
2005,美国专利申请受理数,A0N0X010W,20395.00
2005,加拿大专利申请受理数,A0N0X010X,724.00
2005,新西兰专利申请受理数,A0N0X010Y,84.00
2005,澳大利亚专利申请受理数,A0N0X010Z,707.00
2006,日本专利申请受理数,A0N0X0101,37848.00
2006,马来西亚专利申请受理数,A0N0X0102,76.00
2006,新加坡专利申请受理数,A0N0X0103,417.00
2006,泰国专利申请受理数,A0N0X0104,44.00
2006,韩国专利申请受理数,A0N0X0105,10596.00
2006,塞普路斯专利申请受理数,A0N0X0106,23.00
2006,印度专利申请受理数,A0N0X0107,183.00
2006,摩纳哥专利申请受理数,A0N0X0108,12.00
2006,南非专利申请受理数,A0N0X0109,85.00
2006,德国专利申请受理数,A0N0X010A,8676.00
2006,荷兰专利申请受理数,A0N0X010B,3721.00
2006,英国专利申请受理数,A0N0X010C,1813.00
2006,瑞士专利申请受理数,A0N0X010D,2370.00
2006,丹麦专利申请受理数,A0N0X010E,558.00
2006,匈牙利专利申请受理数,A0N0X010F,45.00
2006,奥地利专利申请受理数,A0N0X010G,309.00
2006,比利时专利申请受理数,A0N0X010H,465.00
2006,法国专利申请受理数,A0N0X010I,3614.00
2006,挪威专利申请受理数,A0N0X010J,184.00
2006,俄罗斯联邦专利申请受理数,A0N0X010K,85.00
2006,卢森堡专利申请受理数,A0N0X010L,69.00
2006,列支敦士登专利申请受理数,A0N0X010M,85.00
2006,西班牙专利申请受理数,A0N0X010N,391.00
2006,捷克专利申请受理数,A0N0X010O,70.00
2006,波兰专利申请受理数,A0N0X010P,13.00
2006,爱尔兰专利申请受理数,A0N0X010Q,121.00
2006,芬兰专利申请受理数,A0N0X010R,988.00
2006,意大利专利申请受理数,A0N0X010S,1699.00
2006,瑞典专利申请受理数,A0N0X010T,1492.00
2006,以色列专利申请受理数,A0N0X010U,338.00
2006,巴西专利申请受理数,A0N0X010V,77.00
2006,美国专利申请受理数,A0N0X010W,23494.00
2006,加拿大专利申请受理数,A0N0X010X,821.00
2006,新西兰专利申请受理数,A0N0X010Y,96.00
2006,澳大利亚专利申请受理数,A0N0X010Z,753.00
2007,日本专利申请受理数,A0N0X0101,38188.00
2007,马来西亚专利申请受理数,A0N0X0102,84.00
2007,新加坡专利申请受理数,A0N0X0103,416.00
2007,韩国专利申请受理数,A0N0X0105,9601.00
2007,印度专利申请受理数,A0N0X0107,175.00
2007,南非专利申请受理数,A0N0X0109,82.00
2007,德国专利申请受理数,A0N0X010A,9388.00
2007,荷兰专利申请受理数,A0N0X010B,3760.00
2007,英国专利申请受理数,A0N0X010C,2012.00
2007,瑞士专利申请受理数,A0N0X010D,2800.00
2007,丹麦专利申请受理数,A0N0X010E,637.00
2007,奥地利专利申请受理数,A0N0X010G,422.00
2007,比利时专利申请受理数,A0N0X010H,562.00
2007,法国专利申请受理数,A0N0X010I,3697.00
2007,挪威专利申请受理数,A0N0X010J,248.00
2007,俄罗斯联邦专利申请受理数,A0N0X010K,78.00
2007,卢森堡专利申请受理数,A0N0X010L,98.00
2007,列支敦士登专利申请受理数,A0N0X010M,109.00
2007,西班牙专利申请受理数,A0N0X010N,520.00
2007,捷克专利申请受理数,A0N0X010O,127.00
2007,爱尔兰专利申请受理数,A0N0X010Q,139.00
2007,芬兰专利申请受理数,A0N0X010R,1065.00
2007,意大利专利申请受理数,A0N0X010S,1852.00
2007,瑞典专利申请受理数,A0N0X010T,1726.00
2007,以色列专利申请受理数,A0N0X010U,428.00
2007,巴西专利申请受理数,A0N0X010V,88.00
2007,美国专利申请受理数,A0N0X010W,25908.00
2007,加拿大专利申请受理数,A0N0X010X,953.00
2007,新西兰专利申请受理数,A0N0X010Y,118.00
2007,澳大利亚专利申请受理数,A0N0X010Z,816.00
2008,日本专利申请受理数,A0N0X0101,38408.00
2008,马来西亚专利申请受理数,A0N0X0102,129.00
2008,新加坡专利申请受理数,A0N0X0103,363.00
2008,泰国专利申请受理数,A0N0X0104,27.00
2008,韩国专利申请受理数,A0N0X0105,9320.00
2008,塞普路斯专利申请受理数,A0N0X0106,32.00
2008,印度专利申请受理数,A0N0X0107,197.00
2008,摩纳哥专利申请受理数,A0N0X0108,19.00
2008,南非专利申请受理数,A0N0X0109,102.00
2008,德国专利申请受理数,A0N0X010A,10145.00
2008,荷兰专利申请受理数,A0N0X010B,3624.00
2008,英国专利申请受理数,A0N0X010C,2233.00
2008,瑞士专利申请受理数,A0N0X010D,2830.00
2008,丹麦专利申请受理数,A0N0X010E,765.00
2008,匈牙利专利申请受理数,A0N0X010F,43.00
2008,奥地利专利申请受理数,A0N0X010G,447.00
2008,比利时专利申请受理数,A0N0X010H,561.00
2008,法国专利申请受理数,A0N0X010I,3854.00
2008,挪威专利申请受理数,A0N0X010J,216.00
2008,俄罗斯联邦专利申请受理数,A0N0X010K,107.00
2008,卢森堡专利申请受理数,A0N0X010L,100.00
2008,列支敦士登专利申请受理数,A0N0X010M,207.00
2008,西班牙专利申请受理数,A0N0X010N,491.00
2008,捷克专利申请受理数,A0N0X010O,96.00
2008,波兰专利申请受理数,A0N0X010P,26.00
2008,爱尔兰专利申请受理数,A0N0X010Q,168.00
2008,芬兰专利申请受理数,A0N0X010R,1201.00
2008,意大利专利申请受理数,A0N0X010S,1761.00
2008,瑞典专利申请受理数,A0N0X010T,2068.00
2008,以色列专利申请受理数,A0N0X010U,464.00
2008,巴西专利申请受理数,A0N0X010V,122.00
2008,美国专利申请受理数,A0N0X010W,27656.00
2008,加拿大专利申请受理数,A0N0X010X,1016.00
2008,新西兰专利申请受理数,A0N0X010Y,141.00
2008,澳大利亚专利申请受理数,A0N0X010Z,864.00
2009,日本专利申请受理数,A0N0X0101,34381.00
2009,马来西亚专利申请受理数,A0N0X0102,114.00
2009,新加坡专利申请受理数,A0N0X0103,304.00
2009,泰国专利申请受理数,A0N0X0104,36.00
2009,韩国专利申请受理数,A0N0X0105,7113.00
2009,塞普路斯专利申请受理数,A0N0X0106,17.00
2009,印度专利申请受理数,A0N0X0107,146.00
2009,摩纳哥专利申请受理数,A0N0X0108,4.00
2009,南非专利申请受理数,A0N0X0109,99.00
2009,德国专利申请受理数,A0N0X010A,9694.00
2009,荷兰专利申请受理数,A0N0X010B,3372.00
2009,英国专利申请受理数,A0N0X010C,1911.00
2009,瑞士专利申请受理数,A0N0X010D,2823.00
2009,丹麦专利申请受理数,A0N0X010E,739.00
2009,匈牙利专利申请受理数,A0N0X010F,40.00
2009,奥地利专利申请受理数,A0N0X010G,413.00
2009,比利时专利申请受理数,A0N0X010H,516.00
2009,法国专利申请受理数,A0N0X010I,3624.00
2009,挪威专利申请受理数,A0N0X010J,211.00
2009,俄罗斯联邦专利申请受理数,A0N0X010K,122.00
2009,卢森堡专利申请受理数,A0N0X010L,101.00
2009,列支敦士登专利申请受理数,A0N0X010M,111.00
2009,西班牙专利申请受理数,A0N0X010N,416.00
2009,捷克专利申请受理数,A0N0X010O,67.00
2009,波兰专利申请受理数,A0N0X010P,24.00
2009,爱尔兰专利申请受理数,A0N0X010Q,171.00
2009,芬兰专利申请受理数,A0N0X010R,1049.00
2009,意大利专利申请受理数,A0N0X010S,1423.00
2009,瑞典专利申请受理数,A0N0X010T,1844.00
2009,以色列专利申请受理数,A0N0X010U,366.00
2009,巴西专利申请受理数,A0N0X010V,121.00
2009,美国专利申请受理数,A0N0X010W,24629.00
2009,加拿大专利申请受理数,A0N0X010X,989.00
2009,新西兰专利申请受理数,A0N0X010Y,92.00
2009,澳大利亚专利申请受理数,A0N0X010Z,720.00
2010,日本专利申请受理数,A0N0X0101,38241.00
2010,马来西亚专利申请受理数,A0N0X0102,129.00
2010,新加坡专利申请受理数,A0N0X0103,437.00
2010,泰国专利申请受理数,A0N0X0104,31.00
2010,韩国专利申请受理数,A0N0X0105,8782.00
2010,塞普路斯专利申请受理数,A0N0X0106,29.00
2010,印度专利申请受理数,A0N0X0107,189.00
2010,摩纳哥专利申请受理数,A0N0X0108,7.00
2010,南非专利申请受理数,A0N0X0109,99.00
2010,德国专利申请受理数,A0N0X010A,11297.00
2010,荷兰专利申请受理数,A0N0X010B,3329.00
2010,英国专利申请受理数,A0N0X010C,2087.00
2010,瑞士专利申请受理数,A0N0X010D,3067.00
2010,丹麦专利申请受理数,A0N0X010E,857.00
2010,匈牙利专利申请受理数,A0N0X010F,36.00
2010,奥地利专利申请受理数,A0N0X010G,550.00
2010,比利时专利申请受理数,A0N0X010H,611.00
2010,法国专利申请受理数,A0N0X010I,3994.00
2010,挪威专利申请受理数,A0N0X010J,261.00
2010,俄罗斯联邦专利申请受理数,A0N0X010K,147.00
2010,卢森堡专利申请受理数,A0N0X010L,136.00
2010,列支敦士登专利申请受理数,A0N0X010M,83.00
2010,西班牙专利申请受理数,A0N0X010N,480.00
2010,捷克专利申请受理数,A0N0X010O,68.00
2010,波兰专利申请受理数,A0N0X010P,50.00
2010,爱尔兰专利申请受理数,A0N0X010Q,157.00
2010,芬兰专利申请受理数,A0N0X010R,1215.00
2010,意大利专利申请受理数,A0N0X010S,1627.00
2010,瑞典专利申请受理数,A0N0X010T,1996.00
2010,以色列专利申请受理数,A0N0X010U,511.00
2010,巴西专利申请受理数,A0N0X010V,166.00
2010,美国专利申请受理数,A0N0X010W,28636.00
2010,加拿大专利申请受理数,A0N0X010X,1137.00
2010,新西兰专利申请受理数,A0N0X010Y,127.00
2010,澳大利亚专利申请受理数,A0N0X010Z,822.00
2011,日本专利申请受理数,A0N0X0101,45228.00
2011,马来西亚专利申请受理数,A0N0X0102,141.00
2011,新加坡专利申请受理数,A0N0X0103,645.00
2011,泰国专利申请受理数,A0N0X0104,25.00
2011,韩国专利申请受理数,A0N0X0105,9860.00
2011,塞普路斯专利申请受理数,A0N0X0106,34.00
2011,印度专利申请受理数,A0N0X0107,228.00
2011,摩纳哥专利申请受理数,A0N0X0108,7.00
2011,南非专利申请受理数,A0N0X0109,82.00
2011,德国专利申请受理数,A0N0X010A,13096.00
2011,荷兰专利申请受理数,A0N0X010B,3473.00
2011,英国专利申请受理数,A0N0X010C,2275.00
2011,瑞士专利申请受理数,A0N0X010D,3293.00
2011,丹麦专利申请受理数,A0N0X010E,937.00
2011,匈牙利专利申请受理数,A0N0X010F,55.00
2011,奥地利专利申请受理数,A0N0X010G,697.00
2011,比利时专利申请受理数,A0N0X010H,669.00
2011,法国专利申请受理数,A0N0X010I,4575.00
2011,挪威专利申请受理数,A0N0X010J,275.00
2011,俄罗斯联邦专利申请受理数,A0N0X010K,170.00
2011,卢森堡专利申请受理数,A0N0X010L,215.00
2011,列支敦士登专利申请受理数,A0N0X010M,155.00
2011,西班牙专利申请受理数,A0N0X010N,525.00
2011,捷克专利申请受理数,A0N0X010O,72.00
2011,波兰专利申请受理数,A0N0X010P,58.00
2011,爱尔兰专利申请受理数,A0N0X010Q,176.00
2011,芬兰专利申请受理数,A0N0X010R,1076.00
2011,意大利专利申请受理数,A0N0X010S,1815.00
2011,瑞典专利申请受理数,A0N0X010T,1963.00
2011,以色列专利申请受理数,A0N0X010U,634.00
2011,巴西专利申请受理数,A0N0X010V,203.00
2011,美国专利申请受理数,A0N0X010W,32023.00
2011,加拿大专利申请受理数,A0N0X010X,1191.00
2011,新西兰专利申请受理数,A0N0X010Y,111.00
2011,澳大利亚专利申请受理数,A0N0X010Z,867.00
2012,日本专利申请受理数,A0N0X0101,49678.00
2012,马来西亚专利申请受理数,A0N0X0102,135.00
2012,新加坡专利申请受理数,A0N0X0103,651.00
2012,泰国专利申请受理数,A0N0X0104,32.00
2012,韩国专利申请受理数,A0N0X0105,10793.00
2012,塞普路斯专利申请受理数,A0N0X0106,36.00
2012,印度专利申请受理数,A0N0X0107,264.00
2012,摩纳哥专利申请受理数,A0N0X0108,7.00
2012,南非专利申请受理数,A0N0X0109,94.00
2012,德国专利申请受理数,A0N0X010A,14552.00
2012,荷兰专利申请受理数,A0N0X010B,3035.00
2012,英国专利申请受理数,A0N0X010C,2273.00
2012,瑞士专利申请受理数,A0N0X010D,3545.00
2012,丹麦专利申请受理数,A0N0X010E,884.00
2012,匈牙利专利申请受理数,A0N0X010F,36.00
2012,奥地利专利申请受理数,A0N0X010G,759.00
2012,比利时专利申请受理数,A0N0X010H,693.00
2012,法国专利申请受理数,A0N0X010I,5128.00
2012,挪威专利申请受理数,A0N0X010J,262.00
2012,俄罗斯联邦专利申请受理数,A0N0X010K,183.00
2012,卢森堡专利申请受理数,A0N0X010L,187.00
2012,列支敦士登专利申请受理数,A0N0X010M,135.00
2012,西班牙专利申请受理数,A0N0X010N,548.00
2012,捷克专利申请受理数,A0N0X010O,154.00
2012,波兰专利申请受理数,A0N0X010P,72.00
2012,爱尔兰专利申请受理数,A0N0X010Q,213.00
2012,芬兰专利申请受理数,A0N0X010R,1255.00
2012,意大利专利申请受理数,A0N0X010S,2020.00
2012,瑞典专利申请受理数,A0N0X010T,1988.00
2012,以色列专利申请受理数,A0N0X010U,686.00
2012,巴西专利申请受理数,A0N0X010V,159.00
2012,美国专利申请受理数,A0N0X010W,33556.00
2012,加拿大专利申请受理数,A0N0X010X,1352.00
2012,新西兰专利申请受理数,A0N0X010Y,132.00
2012,澳大利亚专利申请受理数,A0N0X010Z,957.00
2013,日本专利申请受理数,A0N0X0101,48537.00
2013,马来西亚专利申请受理数,A0N0X0102,113.00
2013,新加坡专利申请受理数,A0N0X0103,680.00
2013,泰国专利申请受理数,A0N0X0104,34.00
2013,韩国专利申请受理数,A0N0X0105,12916.00
2013,塞普路斯专利申请受理数,A0N0X0106,28.00
2013,印度专利申请受理数,A0N0X0107,302.00
2013,摩纳哥专利申请受理数,A0N0X0108,8.00
2013,南非专利申请受理数,A0N0X0109,90.00
2013,德国专利申请受理数,A0N0X010A,15925.00
2013,荷兰专利申请受理数,A0N0X010B,2888.00
2013,英国专利申请受理数,A0N0X010C,2455.00
2013,瑞士专利申请受理数,A0N0X010D,3926.00
2013,丹麦专利申请受理数,A0N0X010E,1061.00
2013,匈牙利专利申请受理数,A0N0X010F,33.00
2013,奥地利专利申请受理数,A0N0X010G,951.00
2013,比利时专利申请受理数,A0N0X010H,698.00
2013,法国专利申请受理数,A0N0X010I,5126.00
2013,挪威专利申请受理数,A0N0X010J,268.00
2013,俄罗斯联邦专利申请受理数,A0N0X010K,233.00
2013,卢森堡专利申请受理数,A0N0X010L,227.00
2013,列支敦士登专利申请受理数,A0N0X010M,105.00
2013,西班牙专利申请受理数,A0N0X010N,533.00
2013,捷克专利申请受理数,A0N0X010O,74.00
2013,波兰专利申请受理数,A0N0X010P,81.00
2013,爱尔兰专利申请受理数,A0N0X010Q,213.00
2013,芬兰专利申请受理数,A0N0X010R,1222.00
2013,意大利专利申请受理数,A0N0X010S,1992.00
2013,瑞典专利申请受理数,A0N0X010T,2119.00
2013,以色列专利申请受理数,A0N0X010U,669.00
2013,巴西专利申请受理数,A0N0X010V,165.00
2013,美国专利申请受理数,A0N0X010W,34421.00
2013,加拿大专利申请受理数,A0N0X010X,1237.00
2013,新西兰专利申请受理数,A0N0X010Y,157.00
2013,澳大利亚专利申请受理数,A0N0X010Z,876.00
2014,日本专利申请受理数,A0N0X0101,47547.00
2014,马来西亚专利申请受理数,A0N0X0102,165.00
2014,新加坡专利申请受理数,A0N0X0103,696.00
2014,泰国专利申请受理数,A0N0X0104,31.00
2014,韩国专利申请受理数,A0N0X0105,13994.00
2014,塞普路斯专利申请受理数,A0N0X0106,33.00
2014,印度专利申请受理数,A0N0X0107,307.00
2014,摩纳哥专利申请受理数,A0N0X0108,10.00
2014,南非专利申请受理数,A0N0X0109,94.00
2014,德国专利申请受理数,A0N0X010A,16026.00
2014,荷兰专利申请受理数,A0N0X010B,3324.00
2014,英国专利申请受理数,A0N0X010C,2674.00
2014,瑞士专利申请受理数,A0N0X010D,4276.00
2014,丹麦专利申请受理数,A0N0X010E,1025.00
2014,匈牙利专利申请受理数,A0N0X010F,32.00
2014,奥地利专利申请受理数,A0N0X010G,1062.00
2014,比利时专利申请受理数,A0N0X010H,732.00
2014,法国专利申请受理数,A0N0X010I,5460.00
2014,挪威专利申请受理数,A0N0X010J,271.00
2014,俄罗斯联邦专利申请受理数,A0N0X010K,211.00
2014,卢森堡专利申请受理数,A0N0X010L,324.00
2014,列支敦士登专利申请受理数,A0N0X010M,112.00
2014,西班牙专利申请受理数,A0N0X010N,497.00
2014,捷克专利申请受理数,A0N0X010O,92.00
2014,波兰专利申请受理数,A0N0X010P,99.00
2014,爱尔兰专利申请受理数,A0N0X010Q,244.00
2014,芬兰专利申请受理数,A0N0X010R,1333.00
2014,意大利专利申请受理数,A0N0X010S,1978.00
2014,瑞典专利申请受理数,A0N0X010T,2337.00
2014,以色列专利申请受理数,A0N0X010U,764.00
2014,巴西专利申请受理数,A0N0X010V,234.00
2014,美国专利申请受理数,A0N0X010W,38997.00
2014,加拿大专利申请受理数,A0N0X010X,1183.00
2014,新西兰专利申请受理数,A0N0X010Y,191.00
2014,澳大利亚专利申请受理数,A0N0X010Z,919.00
2015,日本专利申请受理数,A0N0X0101,46606.00
2015,马来西亚专利申请受理数,A0N0X0102,135.00
2015,新加坡专利申请受理数,A0N0X0103,875.00
2015,泰国专利申请受理数,A0N0X0104,41.00
2015,韩国专利申请受理数,A0N0X0105,16397.00
2015,塞普路斯专利申请受理数,A0N0X0106,23.00
2015,印度专利申请受理数,A0N0X0107,280.00
2015,摩纳哥专利申请受理数,A0N0X0108,18.00
2015,南非专利申请受理数,A0N0X0109,87.00
2015,德国专利申请受理数,A0N0X010A,16245.00
2015,荷兰专利申请受理数,A0N0X010B,3395.00
2015,英国专利申请受理数,A0N0X010C,3032.00
2015,瑞士专利申请受理数,A0N0X010D,4438.00
2015,丹麦专利申请受理数,A0N0X010E,1012.00
2015,匈牙利专利申请受理数,A0N0X010F,48.00
2015,奥地利专利申请受理数,A0N0X010G,1070.00
2015,比利时专利申请受理数,A0N0X010H,745.00
2015,法国专利申请受理数,A0N0X010I,5654.00
2015,挪威专利申请受理数,A0N0X010J,257.00
2015,俄罗斯联邦专利申请受理数,A0N0X010K,197.00
2015,卢森堡专利申请受理数,A0N0X010L,313.00
2015,列支敦士登专利申请受理数,A0N0X010M,154.00
2015,西班牙专利申请受理数,A0N0X010N,515.00
2015,捷克专利申请受理数,A0N0X010O,153.00
2015,波兰专利申请受理数,A0N0X010P,89.00
2015,爱尔兰专利申请受理数,A0N0X010Q,204.00
2015,芬兰专利申请受理数,A0N0X010R,1225.00
2015,意大利专利申请受理数,A0N0X010S,2116.00
2015,瑞典专利申请受理数,A0N0X010T,2211.00
2015,以色列专利申请受理数,A0N0X010U,777.00
2015,巴西专利申请受理数,A0N0X010V,170.00
2015,美国专利申请受理数,A0N0X010W,43278.00
2015,加拿大专利申请受理数,A0N0X010X,1153.00
2015,新西兰专利申请受理数,A0N0X010Y,215.00
2015,澳大利亚专利申请受理数,A0N0X010Z,888.00
2016,日本专利申请受理数,A0N0X0101,45151.00
2016,马来西亚专利申请受理数,A0N0X0102,111.00
2016,新加坡专利申请受理数,A0N0X0103,1103.00
2016,泰国专利申请受理数,A0N0X0104,70.00
2016,韩国专利申请受理数,A0N0X0105,17560.00
2016,塞普路斯专利申请受理数,A0N0X0106,31.00
2016,印度专利申请受理数,A0N0X0107,334.00
2016,摩纳哥专利申请受理数,A0N0X0108,16.00
2016,南非专利申请受理数,A0N0X0109,74.00
2016,德国专利申请受理数,A0N0X010A,16641.00
2016,荷兰专利申请受理数,A0N0X010B,3551.00
2016,英国专利申请受理数,A0N0X010C,3113.00
2016,瑞士专利申请受理数,A0N0X010D,4450.00
2016,丹麦专利申请受理数,A0N0X010E,1051.00
2016,匈牙利专利申请受理数,A0N0X010F,42.00
2016,奥地利专利申请受理数,A0N0X010G,1054.00
2016,比利时专利申请受理数,A0N0X010H,805.00
2016,法国专利申请受理数,A0N0X010I,5775.00
2016,挪威专利申请受理数,A0N0X010J,223.00
2016,俄罗斯联邦专利申请受理数,A0N0X010K,199.00
2016,卢森堡专利申请受理数,A0N0X010L,348.00
2016,列支敦士登专利申请受理数,A0N0X010M,176.00
2016,西班牙专利申请受理数,A0N0X010N,541.00
2016,捷克专利申请受理数,A0N0X010O,143.00
2016,波兰专利申请受理数,A0N0X010P,82.00
2016,爱尔兰专利申请受理数,A0N0X010Q,242.00
2016,芬兰专利申请受理数,A0N0X010R,1148.00
2016,意大利专利申请受理数,A0N0X010S,2430.00
2016,瑞典专利申请受理数,A0N0X010T,2461.00
2016,以色列专利申请受理数,A0N0X010U,919.00
2016,巴西专利申请受理数,A0N0X010V,183.00
2016,美国专利申请受理数,A0N0X010W,41736.00
2016,加拿大专利申请受理数,A0N0X010X,1157.00
2016,新西兰专利申请受理数,A0N0X010Y,232.00
2016,澳大利亚专利申请受理数,A0N0X010Z,927.00
2017,日本专利申请受理数,A0N0X0101,46734.00
2017,马来西亚专利申请受理数,A0N0X0102,107.00
2017,新加坡专利申请受理数,A0N0X0103,1683.00
2017,泰国专利申请受理数,A0N0X0104,141.00
2017,韩国专利申请受理数,A0N0X0105,16581.00
2017,塞普路斯专利申请受理数,A0N0X0106,33.00
2017,印度专利申请受理数,A0N0X0107,330.00
2017,摩纳哥专利申请受理数,A0N0X0108,8.00
2017,南非专利申请受理数,A0N0X0109,86.00
2017,德国专利申请受理数,A0N0X010A,16860.00
2017,荷兰专利申请受理数,A0N0X010B,3708.00
2017,英国专利申请受理数,A0N0X010C,3121.00
2017,瑞士专利申请受理数,A0N0X010D,4402.00
2017,丹麦专利申请受理数,A0N0X010E,993.00
2017,匈牙利专利申请受理数,A0N0X010F,41.00
2017,奥地利专利申请受理数,A0N0X010G,924.00
2017,比利时专利申请受理数,A0N0X010H,828.00
2017,法国专利申请受理数,A0N0X010I,5890.00
2017,挪威专利申请受理数,A0N0X010J,238.00
2017,俄罗斯联邦专利申请受理数,A0N0X010K,221.00
2017,卢森堡专利申请受理数,A0N0X010L,427.00
2017,列支敦士登专利申请受理数,A0N0X010M,180.00
2017,西班牙专利申请受理数,A0N0X010N,601.00
2017,捷克专利申请受理数,A0N0X010O,170.00
2017,波兰专利申请受理数,A0N0X010P,96.00
2017,爱尔兰专利申请受理数,A0N0X010Q,286.00
2017,芬兰专利申请受理数,A0N0X010R,1084.00
2017,意大利专利申请受理数,A0N0X010S,2408.00
2017,瑞典专利申请受理数,A0N0X010T,2262.00
2017,以色列专利申请受理数,A0N0X010U,992.00
2017,巴西专利申请受理数,A0N0X010V,154.00
2017,美国专利申请受理数,A0N0X010W,42922.00
2017,加拿大专利申请受理数,A0N0X010X,1186.00
2017,新西兰专利申请受理数,A0N0X010Y,263.00
2017,澳大利亚专利申请受理数,A0N0X010Z,958.00
2018,日本专利申请受理数,A0N0X0101,51832.00
2018,马来西亚专利申请受理数,A0N0X0102,121.00
2018,新加坡专利申请受理数,A0N0X0103,2277.00
2018,泰国专利申请受理数,A0N0X0104,177.00
2018,韩国专利申请受理数,A0N0X0105,17283.00
2018,塞普路斯专利申请受理数,A0N0X0106,48.00
2018,印度专利申请受理数,A0N0X0107,402.00
2018,摩纳哥专利申请受理数,A0N0X0108,8.00
2018,南非专利申请受理数,A0N0X0109,75.00
2018,德国专利申请受理数,A0N0X010A,18108.00
2018,荷兰专利申请受理数,A0N0X010B,3842.00
2018,英国专利申请受理数,A0N0X010C,3694.00
2018,瑞士专利申请受理数,A0N0X010D,4818.00
2018,丹麦专利申请受理数,A0N0X010E,1157.00
2018,匈牙利专利申请受理数,A0N0X010F,45.00
2018,奥地利专利申请受理数,A0N0X010G,1136.00
2018,比利时专利申请受理数,A0N0X010H,979.00
2018,法国专利申请受理数,A0N0X010I,6060.00
2018,挪威专利申请受理数,A0N0X010J,324.00
2018,俄罗斯联邦专利申请受理数,A0N0X010K,261.00
2018,卢森堡专利申请受理数,A0N0X010L,388.00
2018,列支敦士登专利申请受理数,A0N0X010M,174.00
2018,西班牙专利申请受理数,A0N0X010N,579.00
2018,捷克专利申请受理数,A0N0X010O,141.00
2018,波兰专利申请受理数,A0N0X010P,114.00
2018,爱尔兰专利申请受理数,A0N0X010Q,434.00
2018,芬兰专利申请受理数,A0N0X010R,1012.00
2018,意大利专利申请受理数,A0N0X010S,2662.00
2018,瑞典专利申请受理数,A0N0X010T,2457.00
2018,以色列专利申请受理数,A0N0X010U,1134.00
2018,巴西专利申请受理数,A0N0X010V,152.00
2018,美国专利申请受理数,A0N0X010W,45249.00
2018,加拿大专利申请受理数,A0N0X010X,1345.00
2018,新西兰专利申请受理数,A0N0X010Y,250.00
2018,澳大利亚专利申请受理数,A0N0X010Z,1096.00
2019,日本专利申请受理数,A0N0X0101,55328.00
2019,马来西亚专利申请受理数,A0N0X0102,130.00
2019,新加坡专利申请受理数,A0N0X0103,1772.00
2019,泰国专利申请受理数,A0N0X0104,146.00
2019,韩国专利申请受理数,A0N0X0105,20000.00
2019,塞普路斯专利申请受理数,A0N0X0106,36.00
2019,印度专利申请受理数,A0N0X0107,372.00
2019,摩纳哥专利申请受理数,A0N0X0108,13.00
2019,南非专利申请受理数,A0N0X0109,69.00
2019,德国专利申请受理数,A0N0X010A,19049.00
2019,荷兰专利申请受理数,A0N0X010B,3871.00
2019,英国专利申请受理数,A0N0X010C,3675.00
2019,瑞士专利申请受理数,A0N0X010D,4796.00
2019,丹麦专利申请受理数,A0N0X010E,1263.00
2019,匈牙利专利申请受理数,A0N0X010F,47.00
2019,奥地利专利申请受理数,A0N0X010G,1113.00
2019,比利时专利申请受理数,A0N0X010H,939.00
2019,法国专利申请受理数,A0N0X010I,6230.00
2019,挪威专利申请受理数,A0N0X010J,324.00
2019,俄罗斯联邦专利申请受理数,A0N0X010K,345.00
2019,卢森堡专利申请受理数,A0N0X010L,411.00
2019,列支敦士登专利申请受理数,A0N0X010M,218.00
2019,西班牙专利申请受理数,A0N0X010N,610.00
2019,捷克专利申请受理数,A0N0X010O,139.00
2019,波兰专利申请受理数,A0N0X010P,112.00
2019,爱尔兰专利申请受理数,A0N0X010Q,473.00
2019,芬兰专利申请受理数,A0N0X010R,1049.00
2019,意大利专利申请受理数,A0N0X010S,2834.00
2019,瑞典专利申请受理数,A0N0X010T,3035.00
2019,以色列专利申请受理数,A0N0X010U,1172.00
2019,巴西专利申请受理数,A0N0X010V,162.00
2019,美国专利申请受理数,A0N0X010W,45557.00
2019,加拿大专利申请受理数,A0N0X010X,1384.00
2019,新西兰专利申请受理数,A0N0X010Y,219.00
2019,澳大利亚专利申请受理数,A0N0X010Z,1158.00
2020,日本专利申请受理数,A0N0X0101,53368.00
2020,马来西亚专利申请受理数,A0N0X0102,174.00
2020,新加坡专利申请受理数,A0N0X0103,2009.00
2020,泰国专利申请受理数,A0N0X0104,131.00
2020,韩国专利申请受理数,A0N0X0105,20458.00
2020,塞普路斯专利申请受理数,A0N0X0106,51.00
2020,印度专利申请受理数,A0N0X0107,361.00
2020,摩纳哥专利申请受理数,A0N0X0108,103.00
2020,南非专利申请受理数,A0N0X0109,63.00
2020,德国专利申请受理数,A0N0X010A,18496.00
2020,荷兰专利申请受理数,A0N0X010B,3620.00
2020,英国专利申请受理数,A0N0X010C,3649.00
2020,瑞士专利申请受理数,A0N0X010D,4659.00
2020,丹麦专利申请受理数,A0N0X010E,1211.00
2020,匈牙利专利申请受理数,A0N0X010F,34.00
2020,奥地利专利申请受理数,A0N0X010G,1055.00
2020,比利时专利申请受理数,A0N0X010H,831.00
2020,法国专利申请受理数,A0N0X010I,6113.00
2020,挪威专利申请受理数,A0N0X010J,325.00
2020,俄罗斯联邦专利申请受理数,A0N0X010K,266.00
2020,卢森堡专利申请受理数,A0N0X010L,327.00
2020,列支敦士登专利申请受理数,A0N0X010M,203.00
2020,西班牙专利申请受理数,A0N0X010N,565.00
2020,捷克专利申请受理数,A0N0X010O,100.00
2020,波兰专利申请受理数,A0N0X010P,113.00
2020,爱尔兰专利申请受理数,A0N0X010Q,565.00
2020,芬兰专利申请受理数,A0N0X010R,1164.00
2020,意大利专利申请受理数,A0N0X010S,2510.00
2020,瑞典专利申请受理数,A0N0X010T,2766.00
2020,以色列专利申请受理数,A0N0X010U,1186.00
2020,巴西专利申请受理数,A0N0X010V,185.00
2020,美国专利申请受理数,A0N0X010W,43589.00
2020,加拿大专利申请受理数,A0N0X010X,1284.00
2020,新西兰专利申请受理数,A0N0X010Y,270.00
2020,澳大利亚专利申请受理数,A0N0X010Z,1077.00
2021,日本专利申请受理数,A0N0X0101,52365.00
2021,马来西亚专利申请受理数,A0N0X0102,124.00
2021,新加坡专利申请受理数,A0N0X0103,2458.00
2021,泰国专利申请受理数,A0N0X0104,147.00
2021,韩国专利申请受理数,A0N0X0105,21148.00
2021,塞普路斯专利申请受理数,A0N0X0106,38.00
2021,印度专利申请受理数,A0N0X0107,381.00
2021,摩纳哥专利申请受理数,A0N0X0108,51.00
2021,南非专利申请受理数,A0N0X0109,47.00
2021,德国专利申请受理数,A0N0X010A,18996.00
2021,荷兰专利申请受理数,A0N0X010B,3704.00
2021,英国专利申请受理数,A0N0X010C,3552.00
2021,瑞士专利申请受理数,A0N0X010D,5331.00
2021,丹麦专利申请受理数,A0N0X010E,1444.00
2021,匈牙利专利申请受理数,A0N0X010F,48.00
2021,奥地利专利申请受理数,A0N0X010G,1180.00
2021,比利时专利申请受理数,A0N0X010H,898.00
2021,法国专利申请受理数,A0N0X010I,6052.00
2021,挪威专利申请受理数,A0N0X010J,350.00
2021,俄罗斯联邦专利申请受理数,A0N0X010K,232.00
2021,卢森堡专利申请受理数,A0N0X010L,277.00
2021,列支敦士登专利申请受理数,A0N0X010M,225.00
2021,西班牙专利申请受理数,A0N0X010N,632.00
2021,捷克专利申请受理数,A0N0X010O,121.00
2021,波兰专利申请受理数,A0N0X010P,124.00
2021,爱尔兰专利申请受理数,A0N0X010Q,564.00
2021,芬兰专利申请受理数,A0N0X010R,1263.00
2021,意大利专利申请受理数,A0N0X010S,2725.00
2021,瑞典专利申请受理数,A0N0X010T,2985.00
2021,以色列专利申请受理数,A0N0X010U,1376.00
2021,巴西专利申请受理数,A0N0X010V,346.00
2021,美国专利申请受理数,A0N0X010W,48609.00
2021,加拿大专利申请受理数,A0N0X010X,1414.00
2021,新西兰专利申请受理数,A0N0X010Y,230.00
2021,澳大利亚专利申请受理数,A0N0X010Z,1087.00
2022,日本专利申请受理数,A0N0X0101,50194.00
2022,马来西亚专利申请受理数,A0N0X0102,126.00
2022,新加坡专利申请受理数,A0N0X0103,1774.00
2022,泰国专利申请受理数,A0N0X0104,121.00
2022,韩国专利申请受理数,A0N0X0105,21318.00
2022,塞普路斯专利申请受理数,A0N0X0106,25.00
2022,印度专利申请受理数,A0N0X0107,342.00
2022,摩纳哥专利申请受理数,A0N0X0108,41.00
2022,南非专利申请受理数,A0N0X0109,37.00
2022,德国专利申请受理数,A0N0X010A,17438.00
2022,荷兰专利申请受理数,A0N0X010B,3749.00
2022,英国专利申请受理数,A0N0X010C,3373.00
2022,瑞士专利申请受理数,A0N0X010D,5323.00
2022,丹麦专利申请受理数,A0N0X010E,1357.00
2022,匈牙利专利申请受理数,A0N0X010F,31.00
2022,奥地利专利申请受理数,A0N0X010G,1071.00
2022,比利时专利申请受理数,A0N0X010H,894.00
2022,法国专利申请受理数,A0N0X010I,5993.00
2022,挪威专利申请受理数,A0N0X010J,320.00
2022,俄罗斯联邦专利申请受理数,A0N0X010K,210.00
2022,卢森堡专利申请受理数,A0N0X010L,321.00
2022,列支敦士登专利申请受理数,A0N0X010M,201.00
2022,西班牙专利申请受理数,A0N0X010N,666.00
2022,捷克专利申请受理数,A0N0X010O,93.00
2022,波兰专利申请受理数,A0N0X010P,122.00
2022,爱尔兰专利申请受理数,A0N0X010Q,531.00
2022,芬兰专利申请受理数,A0N0X010R,1040.00
2022,意大利专利申请受理数,A0N0X010S,2602.00
2022,瑞典专利申请受理数,A0N0X010T,3066.00
2022,以色列专利申请受理数,A0N0X010U,1394.00
2022,巴西专利申请受理数,A0N0X010V,310.00
2022,美国专利申请受理数,A0N0X010W,49500.00
2022,加拿大专利申请受理数,A0N0X010X,1240.00
2022,新西兰专利申请受理数,A0N0X010Y,321.00
2022,澳大利亚专利申请受理数,A0N0X010Z,992.00
2022,日本专利申请受理数,A0N0X0101,50194.00
2022,马来西亚专利申请受理数,A0N0X0102,126.00
2022,新加坡专利申请受理数,A0N0X0103,1774.00
2022,泰国专利申请受理数,A0N0X0104,121.00
2022,韩国专利申请受理数,A0N0X0105,21318.00
2022,塞普路斯专利申请受理数,A0N0X0106,25.00
2022,印度专利申请受理数,A0N0X0107,342.00
2022,摩纳哥专利申请受理数,A0N0X0108,41.00
2022,南非专利申请受理数,A0N0X0109,37.00
2022,德国专利申请受理数,A0N0X010A,17438.00
2022,荷兰专利申请受理数,A0N0X010B,3749.00
2022,英国专利申请受理数,A0N0X010C,3373.00
2022,瑞士专利申请受理数,A0N0X010D,5323.00
2022,丹麦专利申请受理数,A0N0X010E,1357.00
2022,匈牙利专利申请受理数,A0N0X010F,31.00
2022,奥地利专利申请受理数,A0N0X010G,1071.00
2022,比利时专利申请受理数,A0N0X010H,894.00
2022,法国专利申请受理数,A0N0X010I,5993.00
2022,挪威专利申请受理数,A0N0X010J,320.00
2022,俄罗斯联邦专利申请受理数,A0N0X010K,210.00
2022,卢森堡专利申请受理数,A0N0X010L,321.00
2022,列支敦士登专利申请受理数,A0N0X010M,201.00
2022,西班牙专利申请受理数,A0N0X010N,666.00
2022,捷克专利申请受理数,A0N0X010O,93.00
2022,波兰专利申请受理数,A0N0X010P,122.00
2022,爱尔兰专利申请受理数,A0N0X010Q,531.00
2022,芬兰专利申请受理数,A0N0X010R,1040.00
2022,意大利专利申请受理数,A0N0X010S,2602.00
2022,瑞典专利申请受理数,A0N0X010T,3066.00
2022,以色列专利申请受理数,A0N0X010U,1394.00
2022,巴西专利申请受理数,A0N0X010V,310.00
2022,美国专利申请受理数,A0N0X010W,49500.00
2022,加拿大专利申请受理数,A0N0X010X,1240.00
2022,新西兰专利申请受理数,A0N0X010Y,321.00
2022,澳大利亚专利申请受理数,A0N0X010Z,992.00
