2000,城市恶性肿瘤死亡人数占总死亡人数的比重,A0O0G0204,24.38
2000,"城市内分泌,营养和代谢疾病死亡人数占总死亡人数的比重",A0O0G0206,2.99
2000,城市神经系统疾病死亡人数占总死亡人数的比重,A0O0G0208,0.92
2000,城市心脏病死亡人数占总死亡人数的比重,A0O0G0209,17.74
2000,城市脑血管病死亡人数占总死亡人数的比重,A0O0G020A,21.28
2000,城市呼吸系统疾病死亡人数占总死亡人数的比重,A0O0G020B,13.29
2000,城市消化系统疾病死亡人数占总死亡人数的比重,A0O0G020C,3.06
2000,城市泌尿生殖系统疾病死亡人数占总死亡人数的比重,A0O0G020E,1.50
2000,城市损伤和中毒外部原因死亡人数占总死亡人数的比重,A0O0G020K,5.91
2000,城市男性恶性肿瘤死亡人数占总死亡人数的比重,A0O0G020O,27.23
2000,"城市男性内分泌,营养和代谢疾病死亡人数占总死亡人数的比重",A0O0G020Q,2.26
2000,城市男性神经系统疾病死亡人数占总死亡人数的比重,A0O0G020S,0.96
2000,城市男性心脏病死亡人数占总死亡人数的比重,A0O0G020T,16.49
2000,城市男性脑血管病死亡人数占总死亡人数的比重,A0O0G020U,20.81
2000,城市男性呼吸系统疾病死亡人数占总死亡人数的比重,A0O0G020V,12.77
2000,城市男性消化系统疾病死亡人数占总死亡人数的比重,A0O0G020W,3.37
2000,城市男性泌尿生殖系统疾病死亡人数占总死亡人数的比重,A0O0G020Y,1.48
2000,城市男性损伤和中毒外部原因死亡人数占总死亡人数的比重,A0O0G0213,6.69
2000,城市女性恶性肿瘤死亡人数占总死亡人数的比重,A0O0G0217,20.88
2000,"城市女性内分泌,营养和代谢疾病死亡人数占总死亡人数的比重",A0O0G0219,2.68
2000,城市女性神经系统疾病死亡人数占总死亡人数的比重,A0O0G021B,0.86
2000,城市女性心脏病死亡人数占总死亡人数的比重,A0O0G021C,19.27
2000,城市女性脑血管病死亡人数占总死亡人数的比重,A0O0G021D,21.86
2000,城市女性呼吸系统疾病死亡人数占总死亡人数的比重,A0O0G021E,13.93
2000,城市女性消化系统疾病死亡人数占总死亡人数的比重,A0O0G021F,3.89
2000,城市女性泌尿生殖系统疾病死亡人数占总死亡人数的比重,A0O0G021H,1.52
2000,城市女性损伤和中毒外部原因死亡人数占总死亡人数的比重,A0O0G021N,4.96
2001,城市恶性肿瘤死亡人数占总死亡人数的比重,A0O0G0204,24.93
2001,"城市内分泌,营养和代谢疾病死亡人数占总死亡人数的比重",A0O0G0206,3.16
2001,城市神经系统疾病死亡人数占总死亡人数的比重,A0O0G0208,0.96
2001,城市心脏病死亡人数占总死亡人数的比重,A0O0G0209,17.61
2001,城市脑血管病死亡人数占总死亡人数的比重,A0O0G020A,20.41
2001,城市呼吸系统疾病死亡人数占总死亡人数的比重,A0O0G020B,13.36
2001,城市消化系统疾病死亡人数占总死亡人数的比重,A0O0G020C,3.14
2001,城市泌尿生殖系统疾病死亡人数占总死亡人数的比重,A0O0G020E,1.57
2001,城市损伤和中毒外部原因死亡人数占总死亡人数的比重,A0O0G020K,5.87
2001,城市男性恶性肿瘤死亡人数占总死亡人数的比重,A0O0G020O,27.64
2001,"城市男性内分泌,营养和代谢疾病死亡人数占总死亡人数的比重",A0O0G020Q,2.36
2001,城市男性神经系统疾病死亡人数占总死亡人数的比重,A0O0G020S,1.00
2001,城市男性心脏病死亡人数占总死亡人数的比重,A0O0G020T,16.46
2001,城市男性脑血管病死亡人数占总死亡人数的比重,A0O0G020U,19.97
2001,城市男性呼吸系统疾病死亡人数占总死亡人数的比重,A0O0G020V,12.90
2001,城市男性消化系统疾病死亡人数占总死亡人数的比重,A0O0G020W,3.45
2001,城市男性泌尿生殖系统疾病死亡人数占总死亡人数的比重,A0O0G020Y,1.50
2001,城市男性损伤和中毒外部原因死亡人数占总死亡人数的比重,A0O0G0213,6.63
2001,城市女性恶性肿瘤死亡人数占总死亡人数的比重,A0O0G0217,21.55
2001,"城市女性内分泌,营养和代谢疾病死亡人数占总死亡人数的比重",A0O0G0219,2.74
2001,城市女性神经系统疾病死亡人数占总死亡人数的比重,A0O0G021B,1.13
2001,城市女性心脏病死亡人数占总死亡人数的比重,A0O0G021C,19.06
2001,城市女性脑血管病死亡人数占总死亡人数的比重,A0O0G021D,20.97
2001,城市女性呼吸系统疾病死亡人数占总死亡人数的比重,A0O0G021E,13.93
2001,城市女性消化系统疾病死亡人数占总死亡人数的比重,A0O0G021F,4.16
2001,城市女性泌尿生殖系统疾病死亡人数占总死亡人数的比重,A0O0G021H,1.66
2001,城市女性损伤和中毒外部原因死亡人数占总死亡人数的比重,A0O0G021N,4.92
2002,城市恶性肿瘤死亡人数占总死亡人数的比重,A0O0G0204,23.53
2002,"城市内分泌,营养和代谢疾病死亡人数占总死亡人数的比重",A0O0G0206,2.45
2002,城市神经系统疾病死亡人数占总死亡人数的比重,A0O0G0208,0.91
2002,城市心脏病死亡人数占总死亡人数的比重,A0O0G0209,14.62
2002,城市脑血管病死亡人数占总死亡人数的比重,A0O0G020A,17.49
2002,城市呼吸系统疾病死亡人数占总死亡人数的比重,A0O0G020B,15.63
2002,城市消化系统疾病死亡人数占总死亡人数的比重,A0O0G020C,3.41
2002,城市泌尿生殖系统疾病死亡人数占总死亡人数的比重,A0O0G020E,1.68
2002,城市围生期疾病死亡人数占总死亡人数的比重,A0O0G020G,0.85
2002,城市损伤和中毒外部原因死亡人数占总死亡人数的比重,A0O0G020K,8.77
2002,城市男性恶性肿瘤死亡人数占总死亡人数的比重,A0O0G020O,26.38
2002,"城市男性内分泌,营养和代谢疾病死亡人数占总死亡人数的比重",A0O0G020Q,1.82
2002,城市男性神经系统疾病死亡人数占总死亡人数的比重,A0O0G020S,0.85
2002,城市男性心脏病死亡人数占总死亡人数的比重,A0O0G020T,13.33
2002,城市男性脑血管病死亡人数占总死亡人数的比重,A0O0G020U,17.11
2002,城市男性呼吸系统疾病死亡人数占总死亡人数的比重,A0O0G020V,14.94
2002,城市男性消化系统疾病死亡人数占总死亡人数的比重,A0O0G020W,3.68
2002,城市男性泌尿生殖系统疾病死亡人数占总死亡人数的比重,A0O0G020Y,1.62
2002,城市男性围生期疾病死亡人数占总死亡人数的比重,A0O0G020Z,0.82
2002,城市男性损伤和中毒外部原因死亡人数占总死亡人数的比重,A0O0G0213,9.67
2002,城市女性恶性肿瘤死亡人数占总死亡人数的比重,A0O0G0217,19.66
2002,"城市女性内分泌,营养和代谢疾病死亡人数占总死亡人数的比重",A0O0G0219,3.03
2002,城市女性神经系统疾病死亡人数占总死亡人数的比重,A0O0G021B,0.98
2002,城市女性心脏病死亡人数占总死亡人数的比重,A0O0G021C,16.39
2002,城市女性脑血管病死亡人数占总死亡人数的比重,A0O0G021D,18.01
2002,城市女性呼吸系统疾病死亡人数占总死亡人数的比重,A0O0G021E,16.56
2002,城市女性消化系统疾病死亡人数占总死亡人数的比重,A0O0G021F,3.31
2002,城市女性泌尿生殖系统疾病死亡人数占总死亡人数的比重,A0O0G021H,1.77
2002,城市女性围生期疾病死亡人数占总死亡人数的比重,A0O0G021J,0.88
2002,城市女性损伤和中毒外部原因死亡人数占总死亡人数的比重,A0O0G021N,7.54
2003,城市恶性肿瘤死亡人数占总死亡人数的比重,A0O0G0204,25.46
2003,"城市内分泌,营养和代谢疾病死亡人数占总死亡人数的比重",A0O0G0206,2.66
2003,城市神经系统疾病死亡人数占总死亡人数的比重,A0O0G0208,0.91
2003,城市心脏病死亡人数占总死亡人数的比重,A0O0G0209,14.43
2003,城市脑血管病死亡人数占总死亡人数的比重,A0O0G020A,19.95
2003,城市呼吸系统疾病死亡人数占总死亡人数的比重,A0O0G020B,14.63
2003,城市消化系统疾病死亡人数占总死亡人数的比重,A0O0G020C,3.66
2003,城市泌尿生殖系统疾病死亡人数占总死亡人数的比重,A0O0G020E,1.34
2003,城市围生期疾病死亡人数占总死亡人数的比重,A0O0G020G,0.89
2003,城市损伤和中毒外部原因死亡人数占总死亡人数的比重,A0O0G020K,6.16
2003,城市男性恶性肿瘤死亡人数占总死亡人数的比重,A0O0G020O,28.78
2003,"城市男性内分泌,营养和代谢疾病死亡人数占总死亡人数的比重",A0O0G020Q,2.73
2003,城市男性神经系统疾病死亡人数占总死亡人数的比重,A0O0G020S,0.87
2003,城市男性心脏病死亡人数占总死亡人数的比重,A0O0G020T,13.22
2003,城市男性脑血管病死亡人数占总死亡人数的比重,A0O0G020U,19.23
2003,城市男性呼吸系统疾病死亡人数占总死亡人数的比重,A0O0G020V,15.04
2003,城市男性消化系统疾病死亡人数占总死亡人数的比重,A0O0G020W,2.75
2003,城市男性泌尿生殖系统疾病死亡人数占总死亡人数的比重,A0O0G020Y,1.28
2003,城市男性围生期疾病死亡人数占总死亡人数的比重,A0O0G020Z,0.68
2003,城市男性损伤和中毒外部原因死亡人数占总死亡人数的比重,A0O0G0213,6.67
2003,城市女性恶性肿瘤死亡人数占总死亡人数的比重,A0O0G0217,21.62
2003,"城市女性内分泌,营养和代谢疾病死亡人数占总死亡人数的比重",A0O0G0219,4.71
2003,城市女性神经系统疾病死亡人数占总死亡人数的比重,A0O0G021B,0.81
2003,城市女性心脏病死亡人数占总死亡人数的比重,A0O0G021C,13.71
2003,城市女性脑血管病死亡人数占总死亡人数的比重,A0O0G021D,20.79
2003,城市女性呼吸系统疾病死亡人数占总死亡人数的比重,A0O0G021E,16.26
2003,城市女性消化系统疾病死亡人数占总死亡人数的比重,A0O0G021F,2.58
2003,城市女性泌尿生殖系统疾病死亡人数占总死亡人数的比重,A0O0G021H,1.41
2003,城市女性围生期疾病死亡人数占总死亡人数的比重,A0O0G021J,0.41
2003,城市女性损伤和中毒外部原因死亡人数占总死亡人数的比重,A0O0G021N,5.57
2004,城市恶性肿瘤死亡人数占总死亡人数的比重,A0O0G0204,23.92
2004,"城市内分泌,营养和代谢疾病死亡人数占总死亡人数的比重",A0O0G0206,2.82
2004,城市神经系统疾病死亡人数占总死亡人数的比重,A0O0G0208,0.86
2004,城市心脏病死亡人数占总死亡人数的比重,A0O0G0209,18.80
2004,城市脑血管病死亡人数占总死亡人数的比重,A0O0G020A,19.09
2004,城市呼吸系统疾病死亡人数占总死亡人数的比重,A0O0G020B,13.12
2004,城市消化系统疾病死亡人数占总死亡人数的比重,A0O0G020C,3.24
2004,城市泌尿生殖系统疾病死亡人数占总死亡人数的比重,A0O0G020E,1.81
2004,城市围生期疾病死亡人数占总死亡人数的比重,A0O0G020G,0.52
2004,城市损伤和中毒外部原因死亡人数占总死亡人数的比重,A0O0G020K,5.89
2004,城市男性恶性肿瘤死亡人数占总死亡人数的比重,A0O0G020O,27.23
2004,"城市男性内分泌,营养和代谢疾病死亡人数占总死亡人数的比重",A0O0G020Q,2.14
2004,城市男性神经系统疾病死亡人数占总死亡人数的比重,A0O0G020S,0.86
2004,城市男性心脏病死亡人数占总死亡人数的比重,A0O0G020T,17.23
2004,城市男性脑血管病死亡人数占总死亡人数的比重,A0O0G020U,18.47
2004,城市男性呼吸系统疾病死亡人数占总死亡人数的比重,A0O0G020V,12.77
2004,城市男性消化系统疾病死亡人数占总死亡人数的比重,A0O0G020W,3.67
2004,城市男性泌尿生殖系统疾病死亡人数占总死亡人数的比重,A0O0G020Y,1.70
2004,城市男性围生期疾病死亡人数占总死亡人数的比重,A0O0G020Z,0.52
2004,城市男性损伤和中毒外部原因死亡人数占总死亡人数的比重,A0O0G0213,6.56
2004,城市女性恶性肿瘤死亡人数占总死亡人数的比重,A0O0G0217,20.37
2004,"城市女性内分泌,营养和代谢疾病死亡人数占总死亡人数的比重",A0O0G0219,3.71
2004,城市女性神经系统疾病死亡人数占总死亡人数的比重,A0O0G021B,0.88
2004,城市女性心脏病死亡人数占总死亡人数的比重,A0O0G021C,20.87
2004,城市女性脑血管病死亡人数占总死亡人数的比重,A0O0G021D,19.89
2004,城市女性呼吸系统疾病死亡人数占总死亡人数的比重,A0O0G021E,13.57
2004,城市女性消化系统疾病死亡人数占总死亡人数的比重,A0O0G021F,2.68
2004,城市女性泌尿生殖系统疾病死亡人数占总死亡人数的比重,A0O0G021H,1.91
2004,城市女性围生期疾病死亡人数占总死亡人数的比重,A0O0G021J,0.52
2004,城市女性损伤和中毒外部原因死亡人数占总死亡人数的比重,A0O0G021N,5.02
2005,城市恶性肿瘤死亡人数占总死亡人数的比重,A0O0G0204,22.94
2005,"城市内分泌,营养和代谢疾病死亡人数占总死亡人数的比重",A0O0G0206,2.50
2005,城市心脏病死亡人数占总死亡人数的比重,A0O0G0209,17.89
2005,城市脑血管病死亡人数占总死亡人数的比重,A0O0G020A,21.23
2005,城市呼吸系统疾病死亡人数占总死亡人数的比重,A0O0G020B,12.57
2005,城市消化系统疾病死亡人数占总死亡人数的比重,A0O0G020C,3.30
2005,城市泌尿生殖系统疾病死亡人数占总死亡人数的比重,A0O0G020E,1.56
2005,城市损伤和中毒外部原因死亡人数占总死亡人数的比重,A0O0G020K,8.25
2005,城市男性恶性肿瘤死亡人数占总死亡人数的比重,A0O0G020O,26.05
2005,"城市男性内分泌,营养和代谢疾病死亡人数占总死亡人数的比重",A0O0G020Q,1.93
2005,城市男性心脏病死亡人数占总死亡人数的比重,A0O0G020T,16.22
2005,城市男性脑血管病死亡人数占总死亡人数的比重,A0O0G020U,19.01
2005,城市男性呼吸系统疾病死亡人数占总死亡人数的比重,A0O0G020V,12.37
2005,城市男性消化系统疾病死亡人数占总死亡人数的比重,A0O0G020W,3.67
2005,城市男性泌尿生殖系统疾病死亡人数占总死亡人数的比重,A0O0G020Y,1.45
2005,城市男性损伤和中毒外部原因死亡人数占总死亡人数的比重,A0O0G0213,9.27
2005,城市女性恶性肿瘤死亡人数占总死亡人数的比重,A0O0G0217,18.36
2005,"城市女性内分泌,营养和代谢疾病死亡人数占总死亡人数的比重",A0O0G0219,2.79
2005,城市女性心脏病死亡人数占总死亡人数的比重,A0O0G021C,20.09
2005,城市女性脑血管病死亡人数占总死亡人数的比重,A0O0G021D,21.82
2005,城市女性呼吸系统疾病死亡人数占总死亡人数的比重,A0O0G021E,12.83
2005,城市女性消化系统疾病死亡人数占总死亡人数的比重,A0O0G021F,3.27
2005,城市女性泌尿生殖系统疾病死亡人数占总死亡人数的比重,A0O0G021H,1.70
2005,城市女性损伤和中毒外部原因死亡人数占总死亡人数的比重,A0O0G021N,6.90
2006,城市恶性肿瘤死亡人数占总死亡人数的比重,A0O0G0204,27.25
2006,"城市内分泌,营养和代谢疾病死亡人数占总死亡人数的比重",A0O0G0206,3.32
2006,城市神经系统疾病死亡人数占总死亡人数的比重,A0O0G0208,0.93
2006,城市心脏病死亡人数占总死亡人数的比重,A0O0G0209,17.10
2006,城市脑血管病死亡人数占总死亡人数的比重,A0O0G020A,17.66
2006,城市呼吸系统疾病死亡人数占总死亡人数的比重,A0O0G020B,13.06
2006,城市消化系统疾病死亡人数占总死亡人数的比重,A0O0G020C,2.94
2006,城市泌尿生殖系统疾病死亡人数占总死亡人数的比重,A0O0G020E,1.37
2006,城市损伤和中毒外部原因死亡人数占总死亡人数的比重,A0O0G020K,6.10
2006,城市男性恶性肿瘤死亡人数占总死亡人数的比重,A0O0G020O,30.45
2006,"城市男性内分泌,营养和代谢疾病死亡人数占总死亡人数的比重",A0O0G020Q,2.53
2006,城市男性神经系统疾病死亡人数占总死亡人数的比重,A0O0G020S,0.90
2006,城市男性心脏病死亡人数占总死亡人数的比重,A0O0G020T,16.11
2006,城市男性脑血管病死亡人数占总死亡人数的比重,A0O0G020U,16.34
2006,城市男性呼吸系统疾病死亡人数占总死亡人数的比重,A0O0G020V,12.91
2006,城市男性消化系统疾病死亡人数占总死亡人数的比重,A0O0G020W,3.14
2006,城市男性泌尿生殖系统疾病死亡人数占总死亡人数的比重,A0O0G020Y,1.29
2006,城市男性损伤和中毒外部原因死亡人数占总死亡人数的比重,A0O0G0213,6.87
2006,城市女性恶性肿瘤死亡人数占总死亡人数的比重,A0O0G0217,23.02
2006,"城市女性内分泌,营养和代谢疾病死亡人数占总死亡人数的比重",A0O0G0219,2.67
2006,城市女性神经系统疾病死亡人数占总死亡人数的比重,A0O0G021B,0.98
2006,城市女性心脏病死亡人数占总死亡人数的比重,A0O0G021C,19.71
2006,城市女性脑血管病死亡人数占总死亡人数的比重,A0O0G021D,18.11
2006,城市女性呼吸系统疾病死亡人数占总死亡人数的比重,A0O0G021E,13.26
2006,城市女性消化系统疾病死亡人数占总死亡人数的比重,A0O0G021F,4.35
2006,城市女性泌尿生殖系统疾病死亡人数占总死亡人数的比重,A0O0G021H,1.48
2006,城市女性损伤和中毒外部原因死亡人数占总死亡人数的比重,A0O0G021N,5.09
2007,城市恶性肿瘤死亡人数占总死亡人数的比重,A0O0G0204,28.53
2007,"城市内分泌,营养和代谢疾病死亡人数占总死亡人数的比重",A0O0G0206,3.30
2007,城市神经系统疾病死亡人数占总死亡人数的比重,A0O0G0208,0.95
2007,城市心脏病死亡人数占总死亡人数的比重,A0O0G0209,16.29
2007,城市脑血管病死亡人数占总死亡人数的比重,A0O0G020A,18.04
2007,城市呼吸系统疾病死亡人数占总死亡人数的比重,A0O0G020B,13.10
2007,城市消化系统疾病死亡人数占总死亡人数的比重,A0O0G020C,2.83
2007,城市泌尿生殖系统疾病死亡人数占总死亡人数的比重,A0O0G020E,1.28
2007,城市损伤和中毒外部原因死亡人数占总死亡人数的比重,A0O0G020K,6.09
2007,城市男性恶性肿瘤死亡人数占总死亡人数的比重,A0O0G020O,32.04
2007,"城市男性内分泌,营养和代谢疾病死亡人数占总死亡人数的比重",A0O0G020Q,2.60
2007,城市男性神经系统疾病死亡人数占总死亡人数的比重,A0O0G020S,0.92
2007,城市男性心脏病死亡人数占总死亡人数的比重,A0O0G020T,14.91
2007,城市男性脑血管病死亡人数占总死亡人数的比重,A0O0G020U,16.82
2007,城市男性呼吸系统疾病死亡人数占总死亡人数的比重,A0O0G020V,13.50
2007,城市男性消化系统疾病死亡人数占总死亡人数的比重,A0O0G020W,2.93
2007,城市男性泌尿生殖系统疾病死亡人数占总死亡人数的比重,A0O0G020Y,1.25
2007,城市男性损伤和中毒外部原因死亡人数占总死亡人数的比重,A0O0G0213,6.68
2007,城市女性恶性肿瘤死亡人数占总死亡人数的比重,A0O0G0217,25.04
2007,"城市女性内分泌,营养和代谢疾病死亡人数占总死亡人数的比重",A0O0G0219,2.83
2007,城市女性神经系统疾病死亡人数占总死亡人数的比重,A0O0G021B,1.08
2007,城市女性心脏病死亡人数占总死亡人数的比重,A0O0G021C,19.53
2007,城市女性脑血管病死亡人数占总死亡人数的比重,A0O0G021D,20.17
2007,城市女性呼吸系统疾病死亡人数占总死亡人数的比重,A0O0G021E,11.37
2007,城市女性消化系统疾病死亡人数占总死亡人数的比重,A0O0G021F,4.93
2007,城市女性泌尿生殖系统疾病死亡人数占总死亡人数的比重,A0O0G021H,1.37
2007,城市女性损伤和中毒外部原因死亡人数占总死亡人数的比重,A0O0G021N,4.61
2008,城市传染病(不含呼吸道结核)死亡人数占总死亡人数的比重,A0O0G0201,0.77
2008,城市恶性肿瘤死亡人数占总死亡人数的比重,A0O0G0204,27.12
2008,"城市内分泌,营养和代谢疾病死亡人数占总死亡人数的比重",A0O0G0206,3.43
2008,城市神经系统疾病死亡人数占总死亡人数的比重,A0O0G0208,1.03
2008,城市心脏病死亡人数占总死亡人数的比重,A0O0G0209,19.65
2008,城市脑血管病死亡人数占总死亡人数的比重,A0O0G020A,19.62
2008,城市呼吸系统疾病死亡人数占总死亡人数的比重,A0O0G020B,11.86
2008,城市消化系统疾病死亡人数占总死亡人数的比重,A0O0G020C,2.86
2008,城市泌尿生殖系统疾病死亡人数占总死亡人数的比重,A0O0G020E,1.13
2008,城市损伤和中毒外部原因死亡人数占总死亡人数的比重,A0O0G020K,5.08
2008,城市男性传染病(不含呼吸道结核)死亡人数占总死亡人数的比重,A0O0G020L,0.90
2008,城市男性恶性肿瘤死亡人数占总死亡人数的比重,A0O0G020O,30.00
2008,"城市男性内分泌,营养和代谢疾病死亡人数占总死亡人数的比重",A0O0G020Q,2.75
2008,城市男性神经系统疾病死亡人数占总死亡人数的比重,A0O0G020S,0.97
2008,城市男性心脏病死亡人数占总死亡人数的比重,A0O0G020T,18.15
2008,城市男性脑血管病死亡人数占总死亡人数的比重,A0O0G020U,18.79
2008,城市男性呼吸系统疾病死亡人数占总死亡人数的比重,A0O0G020V,12.26
2008,城市男性消化系统疾病死亡人数占总死亡人数的比重,A0O0G020W,2.97
2008,城市男性泌尿生殖系统疾病死亡人数占总死亡人数的比重,A0O0G020Y,1.07
2008,城市男性损伤和中毒外部原因死亡人数占总死亡人数的比重,A0O0G0213,5.66
2008,城市女性恶性肿瘤死亡人数占总死亡人数的比重,A0O0G0217,23.49
2008,"城市女性内分泌,营养和代谢疾病死亡人数占总死亡人数的比重",A0O0G0219,4.27
2008,城市女性精神障碍死亡人数占总死亡人数的比重,A0O0G021A,0.76
2008,城市女性神经系统疾病死亡人数占总死亡人数的比重,A0O0G021B,1.10
2008,城市女性心脏病死亡人数占总死亡人数的比重,A0O0G021C,21.54
2008,城市女性脑血管病死亡人数占总死亡人数的比重,A0O0G021D,20.66
2008,城市女性呼吸系统疾病死亡人数占总死亡人数的比重,A0O0G021E,11.35
2008,城市女性消化系统疾病死亡人数占总死亡人数的比重,A0O0G021F,2.72
2008,城市女性泌尿生殖系统疾病死亡人数占总死亡人数的比重,A0O0G021H,1.21
2008,城市女性损伤和中毒外部原因死亡人数占总死亡人数的比重,A0O0G021N,4.35
2009,城市传染病(不含呼吸道结核)死亡人数占总死亡人数的比重,A0O0G0201,0.71
2009,城市呼吸道结核死亡人数占总死亡人数的比重,A0O0G0202,0.30
2009,城市恶性肿瘤死亡人数占总死亡人数的比重,A0O0G0204,27.01
2009,"城市血液,造血器官及免疫疾病死亡人数占总死亡人数的比重",A0O0G0205,0.25
2009,"城市内分泌,营养和代谢疾病死亡人数占总死亡人数的比重",A0O0G0206,3.28
2009,城市精神障碍死亡人数占总死亡人数的比重,A0O0G0207,0.58
2009,城市神经系统疾病死亡人数占总死亡人数的比重,A0O0G0208,1.11
2009,城市心脏病死亡人数占总死亡人数的比重,A0O0G0209,20.77
2009,城市脑血管病死亡人数占总死亡人数的比重,A0O0G020A,20.36
2009,城市呼吸系统疾病死亡人数占总死亡人数的比重,A0O0G020B,10.54
2009,城市消化系统疾病死亡人数占总死亡人数的比重,A0O0G020C,2.67
2009,城市肌肉骨骼和结缔组织疾病死亡人数占总死亡人数的比重,A0O0G020D,0.30
2009,城市泌尿生殖系统疾病死亡人数占总死亡人数的比重,A0O0G020E,1.18
2009,城市围生期疾病死亡人数占总死亡人数的比重,A0O0G020G,0.25
2009,"城市先天畸形,变形和染色体异常死亡人数占总死亡人数的比重",A0O0G020H,0.38
2009,城市诊断不明死亡人数占总死亡人数的比重,A0O0G020I,0.65
2009,城市其他疾病死亡人数占总死亡人数的比重,A0O0G020J,1.73
2009,城市损伤和中毒外部原因死亡人数占总死亡人数的比重,A0O0G020K,5.59
2009,城市男性传染病(不含呼吸道结核)死亡人数占总死亡人数的比重,A0O0G020L,0.84
2009,城市男性呼吸道结核死亡人数占总死亡人数的比重,A0O0G020M,0.41
2009,城市男性恶性肿瘤死亡人数占总死亡人数的比重,A0O0G020O,29.60
2009,"城市男性血液,造血器官及免疫疾病死亡人数占总死亡人数的比重",A0O0G020P,0.22
2009,"城市男性内分泌,营养和代谢疾病死亡人数占总死亡人数的比重",A0O0G020Q,2.64
2009,城市男性精神障碍死亡人数占总死亡人数的比重,A0O0G020R,0.48
2009,城市男性神经系统疾病死亡人数占总死亡人数的比重,A0O0G020S,1.09
2009,城市男性心脏病死亡人数占总死亡人数的比重,A0O0G020T,19.24
2009,城市男性脑血管病死亡人数占总死亡人数的比重,A0O0G020U,19.56
2009,城市男性呼吸系统疾病死亡人数占总死亡人数的比重,A0O0G020V,10.79
2009,城市男性消化系统疾病死亡人数占总死亡人数的比重,A0O0G020W,2.79
2009,城市男性肌肉骨骼和结缔组织疾病死亡人数占总死亡人数的比重,A0O0G020X,0.19
2009,城市男性泌尿生殖系统疾病死亡人数占总死亡人数的比重,A0O0G020Y,1.14
2009,城市男性围生期疾病死亡人数占总死亡人数的比重,A0O0G020Z,0.27
2009,"城市男性先天畸形,变形和染色体异常死亡人数占总死亡人数的比重",A0O0G0210,0.39
2009,城市男性诊断不明死亡人数占总死亡人数的比重,A0O0G0211,0.75
2009,城市男性其他疾病死亡人数占总死亡人数的比重,A0O0G0212,1.12
2009,城市男性损伤和中毒外部原因死亡人数占总死亡人数的比重,A0O0G0213,6.30
2009,城市女性传染病(不含呼吸道结核)死亡人数占总死亡人数的比重,A0O0G0214,0.54
2009,城市女性呼吸道结核死亡人数占总死亡人数的比重,A0O0G0215,0.16
2009,城市女性恶性肿瘤死亡人数占总死亡人数的比重,A0O0G0217,23.66
2009,"城市女性血液,造血器官及免疫疾病死亡人数占总死亡人数的比重",A0O0G0218,0.30
2009,"城市女性内分泌,营养和代谢疾病死亡人数占总死亡人数的比重",A0O0G0219,4.11
2009,城市女性精神障碍死亡人数占总死亡人数的比重,A0O0G021A,0.70
2009,城市女性神经系统疾病死亡人数占总死亡人数的比重,A0O0G021B,1.13
2009,城市女性心脏病死亡人数占总死亡人数的比重,A0O0G021C,22.75
2009,城市女性脑血管病死亡人数占总死亡人数的比重,A0O0G021D,21.39
2009,城市女性呼吸系统疾病死亡人数占总死亡人数的比重,A0O0G021E,10.22
2009,城市女性消化系统疾病死亡人数占总死亡人数的比重,A0O0G021F,2.52
2009,城市女性肌肉骨骼和结缔组织疾病死亡人数占总死亡人数的比重,A0O0G021G,0.44
2009,城市女性泌尿生殖系统疾病死亡人数占总死亡人数的比重,A0O0G021H,1.24
2009,城市女性围生期疾病死亡人数占总死亡人数的比重,A0O0G021J,0.22
2009,"城市女性先天畸形,变形和染色体异常死亡人数占总死亡人数的比重",A0O0G021K,0.36
2009,城市女性诊断不明死亡人数占总死亡人数的比重,A0O0G021L,0.53
2009,城市女性其他疾病死亡人数占总死亡人数的比重,A0O0G021M,2.51
2009,城市女性损伤和中毒外部原因死亡人数占总死亡人数的比重,A0O0G021N,4.66
2010,城市传染病(不含呼吸道结核)死亡人数占总死亡人数的比重,A0O0G0201,0.72
2010,城市呼吸道结核死亡人数占总死亡人数的比重,A0O0G0202,0.38
2010,城市寄生虫病死亡人数占总死亡人数的比重,A0O0G0203,0.02
2010,城市恶性肿瘤死亡人数占总死亡人数的比重,A0O0G0204,26.33
2010,"城市血液,造血器官及免疫疾病死亡人数占总死亡人数的比重",A0O0G0205,0.24
2010,"城市内分泌,营养和代谢疾病死亡人数占总死亡人数的比重",A0O0G0206,2.93
2010,城市精神障碍死亡人数占总死亡人数的比重,A0O0G0207,0.47
2010,城市神经系统疾病死亡人数占总死亡人数的比重,A0O0G0208,0.94
2010,城市心脏病死亡人数占总死亡人数的比重,A0O0G0209,20.88
2010,城市脑血管病死亡人数占总死亡人数的比重,A0O0G020A,20.23
2010,城市呼吸系统疾病死亡人数占总死亡人数的比重,A0O0G020B,11.04
2010,城市消化系统疾病死亡人数占总死亡人数的比重,A0O0G020C,2.74
2010,城市肌肉骨骼和结缔组织疾病死亡人数占总死亡人数的比重,A0O0G020D,0.26
2010,城市泌尿生殖系统疾病死亡人数占总死亡人数的比重,A0O0G020E,1.16
2010,"城市妊娠,分娩产褥期并发症死亡人数占总死亡人数的比重",A0O0G020F,0.02
2010,城市围生期疾病死亡人数占总死亡人数的比重,A0O0G020G,0.33
2010,"城市先天畸形,变形和染色体异常死亡人数占总死亡人数的比重",A0O0G020H,0.33
2010,城市诊断不明死亡人数占总死亡人数的比重,A0O0G020I,0.67
2010,城市其他疾病死亡人数占总死亡人数的比重,A0O0G020J,1.55
2010,城市损伤和中毒外部原因死亡人数占总死亡人数的比重,A0O0G020K,6.16
2010,城市男性传染病(不含呼吸道结核)死亡人数占总死亡人数的比重,A0O0G020L,0.82
2010,城市男性呼吸道结核死亡人数占总死亡人数的比重,A0O0G020M,0.49
2010,城市男性寄生虫病死亡人数占总死亡人数的比重,A0O0G020N,0.02
2010,城市男性恶性肿瘤死亡人数占总死亡人数的比重,A0O0G020O,28.77
2010,"城市男性血液,造血器官及免疫疾病死亡人数占总死亡人数的比重",A0O0G020P,0.21
2010,"城市男性内分泌,营养和代谢疾病死亡人数占总死亡人数的比重",A0O0G020Q,2.37
2010,城市男性精神障碍死亡人数占总死亡人数的比重,A0O0G020R,0.40
2010,城市男性神经系统疾病死亡人数占总死亡人数的比重,A0O0G020S,0.90
2010,城市男性心脏病死亡人数占总死亡人数的比重,A0O0G020T,19.25
2010,城市男性脑血管病死亡人数占总死亡人数的比重,A0O0G020U,19.55
2010,城市男性呼吸系统疾病死亡人数占总死亡人数的比重,A0O0G020V,11.12
2010,城市男性消化系统疾病死亡人数占总死亡人数的比重,A0O0G020W,2.96
2010,城市男性肌肉骨骼和结缔组织疾病死亡人数占总死亡人数的比重,A0O0G020X,0.17
2010,城市男性泌尿生殖系统疾病死亡人数占总死亡人数的比重,A0O0G020Y,1.14
2010,城市男性围生期疾病死亡人数占总死亡人数的比重,A0O0G020Z,0.33
2010,"城市男性先天畸形,变形和染色体异常死亡人数占总死亡人数的比重",A0O0G0210,0.30
2010,城市男性诊断不明死亡人数占总死亡人数的比重,A0O0G0211,0.71
2010,城市男性其他疾病死亡人数占总死亡人数的比重,A0O0G0212,1.08
2010,城市男性损伤和中毒外部原因死亡人数占总死亡人数的比重,A0O0G0213,6.90
2010,城市女性传染病(不含呼吸道结核)死亡人数占总死亡人数的比重,A0O0G0214,0.57
2010,城市女性呼吸道结核死亡人数占总死亡人数的比重,A0O0G0215,0.21
2010,城市女性寄生虫病死亡人数占总死亡人数的比重,A0O0G0216,0.02
2010,城市女性恶性肿瘤死亡人数占总死亡人数的比重,A0O0G0217,22.99
2010,"城市女性血液,造血器官及免疫疾病死亡人数占总死亡人数的比重",A0O0G0218,0.29
2010,"城市女性内分泌,营养和代谢疾病死亡人数占总死亡人数的比重",A0O0G0219,3.70
2010,城市女性精神障碍死亡人数占总死亡人数的比重,A0O0G021A,0.56
2010,城市女性神经系统疾病死亡人数占总死亡人数的比重,A0O0G021B,1.00
2010,城市女性心脏病死亡人数占总死亡人数的比重,A0O0G021C,23.12
2010,城市女性脑血管病死亡人数占总死亡人数的比重,A0O0G021D,21.15
2010,城市女性呼吸系统疾病死亡人数占总死亡人数的比重,A0O0G021E,10.94
2010,城市女性消化系统疾病死亡人数占总死亡人数的比重,A0O0G021F,2.45
2010,城市女性肌肉骨骼和结缔组织疾病死亡人数占总死亡人数的比重,A0O0G021G,0.38
2010,城市女性泌尿生殖系统疾病死亡人数占总死亡人数的比重,A0O0G021H,1.20
2010,"城市女性妊娠,分娩产褥期并发症死亡人数占总死亡人数的比重",A0O0G021I,0.04
2010,城市女性围生期疾病死亡人数占总死亡人数的比重,A0O0G021J,0.32
2010,"城市女性先天畸形,变形和染色体异常死亡人数占总死亡人数的比重",A0O0G021K,0.36
2010,城市女性诊断不明死亡人数占总死亡人数的比重,A0O0G021L,0.60
2010,城市女性其他疾病死亡人数占总死亡人数的比重,A0O0G021M,2.19
2010,城市女性损伤和中毒外部原因死亡人数占总死亡人数的比重,A0O0G021N,5.15
2011,城市传染病(不含呼吸道结核)死亡人数占总死亡人数的比重,A0O0G0201,0.51
2011,城市呼吸道结核死亡人数占总死亡人数的比重,A0O0G0202,0.35
2011,城市寄生虫病死亡人数占总死亡人数的比重,A0O0G0203,0.04
2011,城市恶性肿瘤死亡人数占总死亡人数的比重,A0O0G0204,27.79
2011,"城市血液,造血器官及免疫疾病死亡人数占总死亡人数的比重",A0O0G0205,0.23
2011,"城市内分泌,营养和代谢疾病死亡人数占总死亡人数的比重",A0O0G0206,3.01
2011,城市精神障碍死亡人数占总死亡人数的比重,A0O0G0207,0.40
2011,城市神经系统疾病死亡人数占总死亡人数的比重,A0O0G0208,1.23
2011,城市心脏病死亡人数占总死亡人数的比重,A0O0G0209,21.30
2011,城市脑血管病死亡人数占总死亡人数的比重,A0O0G020A,20.22
2011,城市呼吸系统疾病死亡人数占总死亡人数的比重,A0O0G020B,10.56
2011,城市消化系统疾病死亡人数占总死亡人数的比重,A0O0G020C,2.64
2011,城市肌肉骨骼和结缔组织疾病死亡人数占总死亡人数的比重,A0O0G020D,0.24
2011,城市泌尿生殖系统疾病死亡人数占总死亡人数的比重,A0O0G020E,1.06
2011,"城市妊娠,分娩产褥期并发症死亡人数占总死亡人数的比重",A0O0G020F,0.01
2011,城市围生期疾病死亡人数占总死亡人数的比重,A0O0G020G,0.30
2011,"城市先天畸形,变形和染色体异常死亡人数占总死亡人数的比重",A0O0G020H,0.29
2011,城市诊断不明死亡人数占总死亡人数的比重,A0O0G020I,0.45
2011,城市其他疾病死亡人数占总死亡人数的比重,A0O0G020J,1.60
2011,城市损伤和中毒外部原因死亡人数占总死亡人数的比重,A0O0G020K,5.47
2011,城市男性传染病(不含呼吸道结核)死亡人数占总死亡人数的比重,A0O0G020L,0.60
2011,城市男性呼吸道结核死亡人数占总死亡人数的比重,A0O0G020M,0.49
2011,城市男性寄生虫病死亡人数占总死亡人数的比重,A0O0G020N,0.03
2011,城市男性恶性肿瘤死亡人数占总死亡人数的比重,A0O0G020O,30.70
2011,"城市男性血液,造血器官及免疫疾病死亡人数占总死亡人数的比重",A0O0G020P,0.21
2011,"城市男性内分泌,营养和代谢疾病死亡人数占总死亡人数的比重",A0O0G020Q,2.45
2011,城市男性精神障碍死亡人数占总死亡人数的比重,A0O0G020R,0.33
2011,城市男性神经系统疾病死亡人数占总死亡人数的比重,A0O0G020S,1.14
2011,城市男性心脏病死亡人数占总死亡人数的比重,A0O0G020T,19.51
2011,城市男性脑血管病死亡人数占总死亡人数的比重,A0O0G020U,19.37
2011,城市男性呼吸系统疾病死亡人数占总死亡人数的比重,A0O0G020V,10.65
2011,城市男性消化系统疾病死亡人数占总死亡人数的比重,A0O0G020W,2.82
2011,城市男性肌肉骨骼和结缔组织疾病死亡人数占总死亡人数的比重,A0O0G020X,0.16
2011,城市男性泌尿生殖系统疾病死亡人数占总死亡人数的比重,A0O0G020Y,1.00
2011,城市男性围生期疾病死亡人数占总死亡人数的比重,A0O0G020Z,0.31
2011,"城市男性先天畸形,变形和染色体异常死亡人数占总死亡人数的比重",A0O0G0210,0.28
2011,城市男性诊断不明死亡人数占总死亡人数的比重,A0O0G0211,0.51
2011,城市男性其他疾病死亡人数占总死亡人数的比重,A0O0G0212,1.13
2011,城市男性损伤和中毒外部原因死亡人数占总死亡人数的比重,A0O0G0213,6.19
2011,城市女性传染病(不含呼吸道结核)死亡人数占总死亡人数的比重,A0O0G0214,0.38
2011,城市女性呼吸道结核死亡人数占总死亡人数的比重,A0O0G0215,0.15
2011,城市女性寄生虫病死亡人数占总死亡人数的比重,A0O0G0216,0.04
2011,城市女性恶性肿瘤死亡人数占总死亡人数的比重,A0O0G0217,23.95
2011,"城市女性血液,造血器官及免疫疾病死亡人数占总死亡人数的比重",A0O0G0218,0.26
2011,"城市女性内分泌,营养和代谢疾病死亡人数占总死亡人数的比重",A0O0G0219,3.74
2011,城市女性精神障碍死亡人数占总死亡人数的比重,A0O0G021A,0.49
2011,城市女性神经系统疾病死亡人数占总死亡人数的比重,A0O0G021B,1.35
2011,城市女性心脏病死亡人数占总死亡人数的比重,A0O0G021C,23.66
2011,城市女性脑血管病死亡人数占总死亡人数的比重,A0O0G021D,21.35
2011,城市女性呼吸系统疾病死亡人数占总死亡人数的比重,A0O0G021E,10.44
2011,城市女性消化系统疾病死亡人数占总死亡人数的比重,A0O0G021F,2.40
2011,城市女性肌肉骨骼和结缔组织疾病死亡人数占总死亡人数的比重,A0O0G021G,0.36
2011,城市女性泌尿生殖系统疾病死亡人数占总死亡人数的比重,A0O0G021H,1.16
2011,"城市女性妊娠,分娩产褥期并发症死亡人数占总死亡人数的比重",A0O0G021I,0.03
2011,城市女性围生期疾病死亡人数占总死亡人数的比重,A0O0G021J,0.29
2011,"城市女性先天畸形,变形和染色体异常死亡人数占总死亡人数的比重",A0O0G021K,0.31
2011,城市女性诊断不明死亡人数占总死亡人数的比重,A0O0G021L,0.38
2011,城市女性其他疾病死亡人数占总死亡人数的比重,A0O0G021M,2.23
2011,城市女性损伤和中毒外部原因死亡人数占总死亡人数的比重,A0O0G021N,4.52
2012,城市传染病(不含呼吸道结核)死亡人数占总死亡人数的比重,A0O0G0201,0.68
2012,城市呼吸道结核死亡人数占总死亡人数的比重,A0O0G0202,0.31
2012,城市寄生虫病死亡人数占总死亡人数的比重,A0O0G0203,0.02
2012,城市恶性肿瘤死亡人数占总死亡人数的比重,A0O0G0204,26.81
2012,"城市血液,造血器官及免疫疾病死亡人数占总死亡人数的比重",A0O0G0205,0.21
2012,"城市内分泌,营养和代谢疾病死亡人数占总死亡人数的比重",A0O0G0206,2.82
2012,城市精神障碍死亡人数占总死亡人数的比重,A0O0G0207,0.33
2012,城市神经系统疾病死亡人数占总死亡人数的比重,A0O0G0208,1.12
2012,城市心脏病死亡人数占总死亡人数的比重,A0O0G0209,21.45
2012,城市脑血管病死亡人数占总死亡人数的比重,A0O0G020A,19.61
2012,城市呼吸系统疾病死亡人数占总死亡人数的比重,A0O0G020B,12.32
2012,城市消化系统疾病死亡人数占总死亡人数的比重,A0O0G020C,2.48
2012,城市肌肉骨骼和结缔组织疾病死亡人数占总死亡人数的比重,A0O0G020D,0.23
2012,城市泌尿生殖系统疾病死亡人数占总死亡人数的比重,A0O0G020E,1.03
2012,"城市妊娠,分娩产褥期并发症死亡人数占总死亡人数的比重",A0O0G020F,0.01
2012,城市围生期疾病死亡人数占总死亡人数的比重,A0O0G020G,0.30
2012,"城市先天畸形,变形和染色体异常死亡人数占总死亡人数的比重",A0O0G020H,0.29
2012,城市诊断不明死亡人数占总死亡人数的比重,A0O0G020I,0.42
2012,城市其他疾病死亡人数占总死亡人数的比重,A0O0G020J,3.88
2012,城市损伤和中毒外部原因死亡人数占总死亡人数的比重,A0O0G020K,5.67
2012,城市男性传染病(不含呼吸道结核)死亡人数占总死亡人数的比重,A0O0G020L,0.81
2012,城市男性呼吸道结核死亡人数占总死亡人数的比重,A0O0G020M,0.42
2012,城市男性寄生虫病死亡人数占总死亡人数的比重,A0O0G020N,0.02
2012,城市男性恶性肿瘤死亡人数占总死亡人数的比重,A0O0G020O,29.64
2012,"城市男性血液,造血器官及免疫疾病死亡人数占总死亡人数的比重",A0O0G020P,0.19
2012,"城市男性内分泌,营养和代谢疾病死亡人数占总死亡人数的比重",A0O0G020Q,2.27
2012,城市男性精神障碍死亡人数占总死亡人数的比重,A0O0G020R,0.29
2012,城市男性神经系统疾病死亡人数占总死亡人数的比重,A0O0G020S,1.04
2012,城市男性心脏病死亡人数占总死亡人数的比重,A0O0G020T,19.42
2012,城市男性脑血管病死亡人数占总死亡人数的比重,A0O0G020U,18.61
2012,城市男性呼吸系统疾病死亡人数占总死亡人数的比重,A0O0G020V,12.47
2012,城市男性消化系统疾病死亡人数占总死亡人数的比重,A0O0G020W,2.67
2012,城市男性肌肉骨骼和结缔组织疾病死亡人数占总死亡人数的比重,A0O0G020X,0.15
2012,城市男性泌尿生殖系统疾病死亡人数占总死亡人数的比重,A0O0G020Y,1.00
2012,城市男性围生期疾病死亡人数占总死亡人数的比重,A0O0G020Z,0.32
2012,"城市男性先天畸形,变形和染色体异常死亡人数占总死亡人数的比重",A0O0G0210,0.29
2012,城市男性诊断不明死亡人数占总死亡人数的比重,A0O0G0211,0.49
2012,城市男性其他疾病死亡人数占总死亡人数的比重,A0O0G0212,3.40
2012,城市男性损伤和中毒外部原因死亡人数占总死亡人数的比重,A0O0G0213,6.50
2012,城市女性传染病(不含呼吸道结核)死亡人数占总死亡人数的比重,A0O0G0214,0.51
2012,城市女性呼吸道结核死亡人数占总死亡人数的比重,A0O0G0215,0.16
2012,城市女性寄生虫病死亡人数占总死亡人数的比重,A0O0G0216,0.03
2012,城市女性恶性肿瘤死亡人数占总死亡人数的比重,A0O0G0217,22.95
2012,"城市女性血液,造血器官及免疫疾病死亡人数占总死亡人数的比重",A0O0G0218,0.24
2012,"城市女性内分泌,营养和代谢疾病死亡人数占总死亡人数的比重",A0O0G0219,3.57
2012,城市女性精神障碍死亡人数占总死亡人数的比重,A0O0G021A,0.38
2012,城市女性神经系统疾病死亡人数占总死亡人数的比重,A0O0G021B,1.23
2012,城市女性心脏病死亡人数占总死亡人数的比重,A0O0G021C,24.22
2012,城市女性脑血管病死亡人数占总死亡人数的比重,A0O0G021D,20.97
2012,城市女性呼吸系统疾病死亡人数占总死亡人数的比重,A0O0G021E,12.11
2012,城市女性消化系统疾病死亡人数占总死亡人数的比重,A0O0G021F,2.23
2012,城市女性肌肉骨骼和结缔组织疾病死亡人数占总死亡人数的比重,A0O0G021G,0.34
2012,城市女性泌尿生殖系统疾病死亡人数占总死亡人数的比重,A0O0G021H,1.07
2012,"城市女性妊娠,分娩产褥期并发症死亡人数占总死亡人数的比重",A0O0G021I,0.03
2012,城市女性围生期疾病死亡人数占总死亡人数的比重,A0O0G021J,0.28
2012,"城市女性先天畸形,变形和染色体异常死亡人数占总死亡人数的比重",A0O0G021K,0.30
2012,城市女性诊断不明死亡人数占总死亡人数的比重,A0O0G021L,0.32
2012,城市女性其他疾病死亡人数占总死亡人数的比重,A0O0G021M,4.54
2012,城市女性损伤和中毒外部原因死亡人数占总死亡人数的比重,A0O0G021N,4.53
2013,城市传染病(不含呼吸道结核)死亡人数占总死亡人数的比重,A0O0G0201,1.12
2013,城市寄生虫病死亡人数占总死亡人数的比重,A0O0G0203,0.01
2013,城市恶性肿瘤死亡人数占总死亡人数的比重,A0O0G0204,25.47
2013,"城市血液,造血器官及免疫疾病死亡人数占总死亡人数的比重",A0O0G0205,0.21
2013,"城市内分泌,营养和代谢疾病死亡人数占总死亡人数的比重",A0O0G0206,2.76
2013,城市精神障碍死亡人数占总死亡人数的比重,A0O0G0207,0.46
2013,城市神经系统疾病死亡人数占总死亡人数的比重,A0O0G0208,1.11
2013,城市心脏病死亡人数占总死亡人数的比重,A0O0G0209,21.60
2013,城市脑血管病死亡人数占总死亡人数的比重,A0O0G020A,20.27
2013,城市呼吸系统疾病死亡人数占总死亡人数的比重,A0O0G020B,12.37
2013,城市消化系统疾病死亡人数占总死亡人数的比重,A0O0G020C,2.55
2013,城市肌肉骨骼和结缔组织疾病死亡人数占总死亡人数的比重,A0O0G020D,0.28
2013,城市泌尿生殖系统疾病死亡人数占总死亡人数的比重,A0O0G020E,1.04
2013,"城市妊娠,分娩产褥期并发症死亡人数占总死亡人数的比重",A0O0G020F,0.02
2013,城市围生期疾病死亡人数占总死亡人数的比重,A0O0G020G,0.33
2013,"城市先天畸形,变形和染色体异常死亡人数占总死亡人数的比重",A0O0G020H,0.32
2013,城市诊断不明死亡人数占总死亡人数的比重,A0O0G020I,0.46
2013,城市其他疾病死亡人数占总死亡人数的比重,A0O0G020J,1.41
2013,城市损伤和中毒外部原因死亡人数占总死亡人数的比重,A0O0G020K,6.30
2013,城市男性传染病(不含呼吸道结核)死亡人数占总死亡人数的比重,A0O0G020L,1.34
2013,城市男性寄生虫病死亡人数占总死亡人数的比重,A0O0G020N,0.01
2013,城市男性恶性肿瘤死亡人数占总死亡人数的比重,A0O0G020O,27.94
2013,"城市男性血液,造血器官及免疫疾病死亡人数占总死亡人数的比重",A0O0G020P,0.18
2013,"城市男性内分泌,营养和代谢疾病死亡人数占总死亡人数的比重",A0O0G020Q,2.24
2013,城市男性精神障碍死亡人数占总死亡人数的比重,A0O0G020R,0.40
2013,城市男性神经系统疾病死亡人数占总死亡人数的比重,A0O0G020S,1.01
2013,城市男性心脏病死亡人数占总死亡人数的比重,A0O0G020T,19.60
2013,城市男性脑血管病死亡人数占总死亡人数的比重,A0O0G020U,19.61
2013,城市男性呼吸系统疾病死亡人数占总死亡人数的比重,A0O0G020V,12.47
2013,城市男性消化系统疾病死亡人数占总死亡人数的比重,A0O0G020W,2.76
2013,城市男性肌肉骨骼和结缔组织疾病死亡人数占总死亡人数的比重,A0O0G020X,0.17
2013,城市男性泌尿生殖系统疾病死亡人数占总死亡人数的比重,A0O0G020Y,1.00
2013,城市男性围生期疾病死亡人数占总死亡人数的比重,A0O0G020Z,0.35
2013,"城市男性先天畸形,变形和染色体异常死亡人数占总死亡人数的比重",A0O0G0210,0.31
2013,城市男性诊断不明死亡人数占总死亡人数的比重,A0O0G0211,0.51
2013,城市男性其他疾病死亡人数占总死亡人数的比重,A0O0G0212,1.00
2013,城市男性损伤和中毒外部原因死亡人数占总死亡人数的比重,A0O0G0213,7.31
2013,城市女性传染病(不含呼吸道结核)死亡人数占总死亡人数的比重,A0O0G0214,0.81
2013,城市女性寄生虫病死亡人数占总死亡人数的比重,A0O0G0216,0.01
2013,城市女性恶性肿瘤死亡人数占总死亡人数的比重,A0O0G0217,22.06
2013,"城市女性血液,造血器官及免疫疾病死亡人数占总死亡人数的比重",A0O0G0218,0.24
2013,"城市女性内分泌,营养和代谢疾病死亡人数占总死亡人数的比重",A0O0G0219,3.48
2013,城市女性精神障碍死亡人数占总死亡人数的比重,A0O0G021A,0.55
2013,城市女性神经系统疾病死亡人数占总死亡人数的比重,A0O0G021B,1.24
2013,城市女性心脏病死亡人数占总死亡人数的比重,A0O0G021C,24.38
2013,城市女性脑血管病死亡人数占总死亡人数的比重,A0O0G021D,21.18
2013,城市女性呼吸系统疾病死亡人数占总死亡人数的比重,A0O0G021E,12.23
2013,城市女性消化系统疾病死亡人数占总死亡人数的比重,A0O0G021F,2.26
2013,城市女性肌肉骨骼和结缔组织疾病死亡人数占总死亡人数的比重,A0O0G021G,0.42
2013,城市女性泌尿生殖系统疾病死亡人数占总死亡人数的比重,A0O0G021H,1.09
2013,"城市女性妊娠,分娩产褥期并发症死亡人数占总死亡人数的比重",A0O0G021I,0.04
2013,城市女性围生期疾病死亡人数占总死亡人数的比重,A0O0G021J,0.29
2013,"城市女性先天畸形,变形和染色体异常死亡人数占总死亡人数的比重",A0O0G021K,0.34
2013,城市女性诊断不明死亡人数占总死亡人数的比重,A0O0G021L,0.38
2013,城市女性其他疾病死亡人数占总死亡人数的比重,A0O0G021M,1.97
2013,城市女性损伤和中毒外部原因死亡人数占总死亡人数的比重,A0O0G021N,4.90
2014,城市传染病(不含呼吸道结核)死亡人数占总死亡人数的比重,A0O0G0201,1.08
2014,城市寄生虫病死亡人数占总死亡人数的比重,A0O0G0203,0.01
2014,城市恶性肿瘤死亡人数占总死亡人数的比重,A0O0G0204,26.17
2014,"城市血液,造血器官及免疫疾病死亡人数占总死亡人数的比重",A0O0G0205,0.20
2014,"城市内分泌,营养和代谢疾病死亡人数占总死亡人数的比重",A0O0G0206,2.86
2014,城市精神障碍死亡人数占总死亡人数的比重,A0O0G0207,0.43
2014,城市神经系统疾病死亡人数占总死亡人数的比重,A0O0G0208,1.12
2014,城市心脏病死亡人数占总死亡人数的比重,A0O0G0209,22.10
2014,城市脑血管病死亡人数占总死亡人数的比重,A0O0G020A,20.41
2014,城市呼吸系统疾病死亡人数占总死亡人数的比重,A0O0G020B,12.03
2014,城市消化系统疾病死亡人数占总死亡人数的比重,A0O0G020C,2.36
2014,城市肌肉骨骼和结缔组织疾病死亡人数占总死亡人数的比重,A0O0G020D,0.27
2014,城市泌尿生殖系统疾病死亡人数占总死亡人数的比重,A0O0G020E,1.08
2014,"城市妊娠,分娩产褥期并发症死亡人数占总死亡人数的比重",A0O0G020F,0.01
2014,城市围生期疾病死亡人数占总死亡人数的比重,A0O0G020G,0.34
2014,"城市先天畸形,变形和染色体异常死亡人数占总死亡人数的比重",A0O0G020H,0.30
2014,城市诊断不明死亡人数占总死亡人数的比重,A0O0G020I,0.39
2014,城市其他疾病死亡人数占总死亡人数的比重,A0O0G020J,1.15
2014,城市损伤和中毒外部原因死亡人数占总死亡人数的比重,A0O0G020K,6.13
2014,城市男性传染病(不含呼吸道结核)死亡人数占总死亡人数的比重,A0O0G020L,1.30
2014,城市男性寄生虫病死亡人数占总死亡人数的比重,A0O0G020N,0.01
2014,城市男性恶性肿瘤死亡人数占总死亡人数的比重,A0O0G020O,28.82
2014,"城市男性血液,造血器官及免疫疾病死亡人数占总死亡人数的比重",A0O0G020P,0.19
2014,"城市男性内分泌,营养和代谢疾病死亡人数占总死亡人数的比重",A0O0G020Q,2.35
2014,城市男性精神障碍死亡人数占总死亡人数的比重,A0O0G020R,0.38
2014,城市男性神经系统疾病死亡人数占总死亡人数的比重,A0O0G020S,1.01
2014,城市男性心脏病死亡人数占总死亡人数的比重,A0O0G020T,19.90
2014,城市男性脑血管病死亡人数占总死亡人数的比重,A0O0G020U,19.78
2014,城市男性呼吸系统疾病死亡人数占总死亡人数的比重,A0O0G020V,12.08
2014,城市男性消化系统疾病死亡人数占总死亡人数的比重,A0O0G020W,2.53
2014,城市男性肌肉骨骼和结缔组织疾病死亡人数占总死亡人数的比重,A0O0G020X,0.18
2014,城市男性泌尿生殖系统疾病死亡人数占总死亡人数的比重,A0O0G020Y,1.05
2014,城市男性围生期疾病死亡人数占总死亡人数的比重,A0O0G020Z,0.36
2014,"城市男性先天畸形,变形和染色体异常死亡人数占总死亡人数的比重",A0O0G0210,0.29
2014,城市男性诊断不明死亡人数占总死亡人数的比重,A0O0G0211,0.43
2014,城市男性其他疾病死亡人数占总死亡人数的比重,A0O0G0212,0.80
2014,城市男性损伤和中毒外部原因死亡人数占总死亡人数的比重,A0O0G0213,7.09
2014,城市女性传染病(不含呼吸道结核)死亡人数占总死亡人数的比重,A0O0G0214,0.77
2014,城市女性寄生虫病死亡人数占总死亡人数的比重,A0O0G0216,0.01
2014,城市女性恶性肿瘤死亡人数占总死亡人数的比重,A0O0G0217,22.49
2014,"城市女性血液,造血器官及免疫疾病死亡人数占总死亡人数的比重",A0O0G0218,0.22
2014,"城市女性内分泌,营养和代谢疾病死亡人数占总死亡人数的比重",A0O0G0219,3.58
2014,城市女性精神障碍死亡人数占总死亡人数的比重,A0O0G021A,0.50
2014,城市女性神经系统疾病死亡人数占总死亡人数的比重,A0O0G021B,1.28
2014,城市女性心脏病死亡人数占总死亡人数的比重,A0O0G021C,25.15
2014,城市女性脑血管病死亡人数占总死亡人数的比重,A0O0G021D,21.27
2014,城市女性呼吸系统疾病死亡人数占总死亡人数的比重,A0O0G021E,11.97
2014,城市女性消化系统疾病死亡人数占总死亡人数的比重,A0O0G021F,2.12
2014,城市女性肌肉骨骼和结缔组织疾病死亡人数占总死亡人数的比重,A0O0G021G,0.40
2014,城市女性泌尿生殖系统疾病死亡人数占总死亡人数的比重,A0O0G021H,1.11
2014,"城市女性妊娠,分娩产褥期并发症死亡人数占总死亡人数的比重",A0O0G021I,0.03
2014,城市女性围生期疾病死亡人数占总死亡人数的比重,A0O0G021J,0.32
2014,"城市女性先天畸形,变形和染色体异常死亡人数占总死亡人数的比重",A0O0G021K,0.30
2014,城市女性诊断不明死亡人数占总死亡人数的比重,A0O0G021L,0.35
2014,城市女性其他疾病死亡人数占总死亡人数的比重,A0O0G021M,1.64
2014,城市女性损伤和中毒外部原因死亡人数占总死亡人数的比重,A0O0G021N,4.79
2015,城市传染病(不含呼吸道结核)死亡人数占总死亡人数的比重,A0O0G0201,1.09
2015,城市寄生虫病死亡人数占总死亡人数的比重,A0O0G0203,0.01
2015,城市恶性肿瘤死亡人数占总死亡人数的比重,A0O0G0204,26.44
2015,"城市血液,造血器官及免疫疾病死亡人数占总死亡人数的比重",A0O0G0205,0.20
2015,"城市内分泌,营养和代谢疾病死亡人数占总死亡人数的比重",A0O0G0206,3.10
2015,城市精神障碍死亡人数占总死亡人数的比重,A0O0G0207,0.45
2015,城市神经系统疾病死亡人数占总死亡人数的比重,A0O0G0208,1.11
2015,城市心脏病死亡人数占总死亡人数的比重,A0O0G0209,21.98
2015,城市脑血管病死亡人数占总死亡人数的比重,A0O0G020A,20.63
2015,城市呼吸系统疾病死亡人数占总死亡人数的比重,A0O0G020B,11.80
2015,城市消化系统疾病死亡人数占总死亡人数的比重,A0O0G020C,2.30
2015,城市肌肉骨骼和结缔组织疾病死亡人数占总死亡人数的比重,A0O0G020D,0.29
2015,城市泌尿生殖系统疾病死亡人数占总死亡人数的比重,A0O0G020E,1.05
2015,"城市妊娠,分娩产褥期并发症死亡人数占总死亡人数的比重",A0O0G020F,0.01
2015,城市围生期疾病死亡人数占总死亡人数的比重,A0O0G020G,0.27
2015,"城市先天畸形,变形和染色体异常死亡人数占总死亡人数的比重",A0O0G020H,0.28
2015,城市诊断不明死亡人数占总死亡人数的比重,A0O0G020I,0.36
2015,城市其他疾病死亡人数占总死亡人数的比重,A0O0G020J,0.99
2015,城市损伤和中毒外部原因死亡人数占总死亡人数的比重,A0O0G020K,6.05
2015,城市男性传染病(不含呼吸道结核)死亡人数占总死亡人数的比重,A0O0G020L,1.31
2015,城市男性寄生虫病死亡人数占总死亡人数的比重,A0O0G020N,0.01
2015,城市男性恶性肿瘤死亡人数占总死亡人数的比重,A0O0G020O,29.11
2015,"城市男性血液,造血器官及免疫疾病死亡人数占总死亡人数的比重",A0O0G020P,0.17
2015,"城市男性内分泌,营养和代谢疾病死亡人数占总死亡人数的比重",A0O0G020Q,2.59
2015,城市男性精神障碍死亡人数占总死亡人数的比重,A0O0G020R,0.38
2015,城市男性神经系统疾病死亡人数占总死亡人数的比重,A0O0G020S,1.01
2015,城市男性心脏病死亡人数占总死亡人数的比重,A0O0G020T,19.81
2015,城市男性脑血管病死亡人数占总死亡人数的比重,A0O0G020U,19.89
2015,城市男性呼吸系统疾病死亡人数占总死亡人数的比重,A0O0G020V,11.94
2015,城市男性消化系统疾病死亡人数占总死亡人数的比重,A0O0G020W,2.47
2015,城市男性肌肉骨骼和结缔组织疾病死亡人数占总死亡人数的比重,A0O0G020X,0.19
2015,城市男性泌尿生殖系统疾病死亡人数占总死亡人数的比重,A0O0G020Y,1.05
2015,城市男性围生期疾病死亡人数占总死亡人数的比重,A0O0G020Z,0.28
2015,"城市男性先天畸形,变形和染色体异常死亡人数占总死亡人数的比重",A0O0G0210,0.27
2015,城市男性诊断不明死亡人数占总死亡人数的比重,A0O0G0211,0.42
2015,城市男性其他疾病死亡人数占总死亡人数的比重,A0O0G0212,0.69
2015,城市男性损伤和中毒外部原因死亡人数占总死亡人数的比重,A0O0G0213,6.89
2015,城市女性传染病(不含呼吸道结核)死亡人数占总死亡人数的比重,A0O0G0214,0.79
2015,城市女性寄生虫病死亡人数占总死亡人数的比重,A0O0G0216,0.00
2015,城市女性恶性肿瘤死亡人数占总死亡人数的比重,A0O0G0217,22.77
2015,"城市女性血液,造血器官及免疫疾病死亡人数占总死亡人数的比重",A0O0G0218,0.23
2015,"城市女性内分泌,营养和代谢疾病死亡人数占总死亡人数的比重",A0O0G0219,3.79
2015,城市女性精神障碍死亡人数占总死亡人数的比重,A0O0G021A,0.54
2015,城市女性神经系统疾病死亡人数占总死亡人数的比重,A0O0G021B,1.25
2015,城市女性心脏病死亡人数占总死亡人数的比重,A0O0G021C,24.95
2015,城市女性脑血管病死亡人数占总死亡人数的比重,A0O0G021D,21.65
2015,城市女性呼吸系统疾病死亡人数占总死亡人数的比重,A0O0G021E,11.62
2015,城市女性消化系统疾病死亡人数占总死亡人数的比重,A0O0G021F,2.05
2015,城市女性肌肉骨骼和结缔组织疾病死亡人数占总死亡人数的比重,A0O0G021G,0.42
2015,城市女性泌尿生殖系统疾病死亡人数占总死亡人数的比重,A0O0G021H,1.05
2015,"城市女性妊娠,分娩产褥期并发症死亡人数占总死亡人数的比重",A0O0G021I,0.03
2015,城市女性围生期疾病死亡人数占总死亡人数的比重,A0O0G021J,0.26
2015,"城市女性先天畸形,变形和染色体异常死亡人数占总死亡人数的比重",A0O0G021K,0.29
2015,城市女性诊断不明死亡人数占总死亡人数的比重,A0O0G021L,0.29
2015,城市女性其他疾病死亡人数占总死亡人数的比重,A0O0G021M,1.40
2015,城市女性损伤和中毒外部原因死亡人数占总死亡人数的比重,A0O0G021N,4.91
2016,城市寄生虫病死亡人数占总死亡人数的比重,A0O0G0203,0.01
2016,城市恶性肿瘤死亡人数占总死亡人数的比重,A0O0G0204,26.06
2016,"城市血液,造血器官及免疫疾病死亡人数占总死亡人数的比重",A0O0G0205,0.22
2016,"城市内分泌,营养和代谢疾病死亡人数占总死亡人数的比重",A0O0G0206,3.33
2016,城市精神障碍死亡人数占总死亡人数的比重,A0O0G0207,0.44
2016,城市神经系统疾病死亡人数占总死亡人数的比重,A0O0G0208,1.22
2016,城市心脏病死亡人数占总死亡人数的比重,A0O0G0209,22.58
2016,城市脑血管病死亡人数占总死亡人数的比重,A0O0G020A,20.58
2016,城市呼吸系统疾病死亡人数占总死亡人数的比重,A0O0G020B,11.24
2016,城市消化系统疾病死亡人数占总死亡人数的比重,A0O0G020C,2.29
2016,城市肌肉骨骼和结缔组织疾病死亡人数占总死亡人数的比重,A0O0G020D,0.37
2016,城市泌尿生殖系统疾病死亡人数占总死亡人数的比重,A0O0G020E,1.07
2016,"城市妊娠,分娩产褥期并发症死亡人数占总死亡人数的比重",A0O0G020F,0.02
2016,城市围生期疾病死亡人数占总死亡人数的比重,A0O0G020G,0.30
2016,"城市先天畸形,变形和染色体异常死亡人数占总死亡人数的比重",A0O0G020H,0.25
2016,城市诊断不明死亡人数占总死亡人数的比重,A0O0G020I,0.36
2016,城市其他疾病死亡人数占总死亡人数的比重,A0O0G020J,0.99
2016,城市损伤和中毒外部原因死亡人数占总死亡人数的比重,A0O0G020K,6.08
2016,城市男性寄生虫病死亡人数占总死亡人数的比重,A0O0G020N,0.01
2016,城市男性恶性肿瘤死亡人数占总死亡人数的比重,A0O0G020O,28.73
2016,"城市男性血液,造血器官及免疫疾病死亡人数占总死亡人数的比重",A0O0G020P,0.20
2016,"城市男性内分泌,营养和代谢疾病死亡人数占总死亡人数的比重",A0O0G020Q,2.78
2016,城市男性精神障碍死亡人数占总死亡人数的比重,A0O0G020R,0.37
2016,城市男性神经系统疾病死亡人数占总死亡人数的比重,A0O0G020S,1.09
2016,城市男性心脏病死亡人数占总死亡人数的比重,A0O0G020T,20.34
2016,城市男性脑血管病死亡人数占总死亡人数的比重,A0O0G020U,19.94
2016,城市男性呼吸系统疾病死亡人数占总死亡人数的比重,A0O0G020V,11.39
2016,城市男性消化系统疾病死亡人数占总死亡人数的比重,A0O0G020W,2.48
2016,城市男性肌肉骨骼和结缔组织疾病死亡人数占总死亡人数的比重,A0O0G020X,0.25
2016,城市男性泌尿生殖系统疾病死亡人数占总死亡人数的比重,A0O0G020Y,1.06
2016,城市男性围生期疾病死亡人数占总死亡人数的比重,A0O0G020Z,0.32
2016,"城市男性先天畸形,变形和染色体异常死亡人数占总死亡人数的比重",A0O0G0210,0.25
2016,城市男性诊断不明死亡人数占总死亡人数的比重,A0O0G0211,0.42
2016,城市男性其他疾病死亡人数占总死亡人数的比重,A0O0G0212,0.72
2016,城市男性损伤和中毒外部原因死亡人数占总死亡人数的比重,A0O0G0213,6.88
2016,城市女性寄生虫病死亡人数占总死亡人数的比重,A0O0G0216,0.01
2016,城市女性恶性肿瘤死亡人数占总死亡人数的比重,A0O0G0217,22.42
2016,"城市女性血液,造血器官及免疫疾病死亡人数占总死亡人数的比重",A0O0G0218,0.25
2016,"城市女性内分泌,营养和代谢疾病死亡人数占总死亡人数的比重",A0O0G0219,4.08
2016,城市女性精神障碍死亡人数占总死亡人数的比重,A0O0G021A,0.54
2016,城市女性神经系统疾病死亡人数占总死亡人数的比重,A0O0G021B,1.40
2016,城市女性心脏病死亡人数占总死亡人数的比重,A0O0G021C,25.64
2016,城市女性脑血管病死亡人数占总死亡人数的比重,A0O0G021D,21.46
2016,城市女性呼吸系统疾病死亡人数占总死亡人数的比重,A0O0G021E,11.04
2016,城市女性消化系统疾病死亡人数占总死亡人数的比重,A0O0G021F,2.02
2016,城市女性肌肉骨骼和结缔组织疾病死亡人数占总死亡人数的比重,A0O0G021G,0.52
2016,城市女性泌尿生殖系统疾病死亡人数占总死亡人数的比重,A0O0G021H,1.08
2016,"城市女性妊娠,分娩产褥期并发症死亡人数占总死亡人数的比重",A0O0G021I,0.04
2016,城市女性围生期疾病死亡人数占总死亡人数的比重,A0O0G021J,0.28
2016,"城市女性先天畸形,变形和染色体异常死亡人数占总死亡人数的比重",A0O0G021K,0.26
2016,城市女性诊断不明死亡人数占总死亡人数的比重,A0O0G021L,0.27
2016,城市女性其他疾病死亡人数占总死亡人数的比重,A0O0G021M,1.35
2016,城市女性损伤和中毒外部原因死亡人数占总死亡人数的比重,A0O0G021N,4.99
2017,城市传染病(不含呼吸道结核)死亡人数占总死亡人数的比重,A0O0G0201,1.00
2017,城市寄生虫病死亡人数占总死亡人数的比重,A0O0G0203,0.00
2017,城市恶性肿瘤死亡人数占总死亡人数的比重,A0O0G0204,26.11
2017,"城市血液,造血器官及免疫疾病死亡人数占总死亡人数的比重",A0O0G0205,0.21
2017,"城市内分泌,营养和代谢疾病死亡人数占总死亡人数的比重",A0O0G0206,3.33
2017,城市精神障碍死亡人数占总死亡人数的比重,A0O0G0207,0.44
2017,城市神经系统疾病死亡人数占总死亡人数的比重,A0O0G0208,1.27
2017,城市心脏病死亡人数占总死亡人数的比重,A0O0G0209,23.00
2017,城市脑血管病死亡人数占总死亡人数的比重,A0O0G020A,20.56
2017,城市呼吸系统疾病死亡人数占总死亡人数的比重,A0O0G020B,10.92
2017,城市消化系统疾病死亡人数占总死亡人数的比重,A0O0G020C,2.36
2017,城市肌肉骨骼和结缔组织疾病死亡人数占总死亡人数的比重,A0O0G020D,0.38
2017,城市泌尿生殖系统疾病死亡人数占总死亡人数的比重,A0O0G020E,1.09
2017,"城市妊娠,分娩产褥期并发症死亡人数占总死亡人数的比重",A0O0G020F,0.01
2017,城市围生期疾病死亡人数占总死亡人数的比重,A0O0G020G,0.26
2017,"城市先天畸形,变形和染色体异常死亡人数占总死亡人数的比重",A0O0G020H,0.24
2017,城市诊断不明死亡人数占总死亡人数的比重,A0O0G020I,0.35
2017,城市其他疾病死亡人数占总死亡人数的比重,A0O0G020J,0.97
2017,城市损伤和中毒外部原因死亡人数占总死亡人数的比重,A0O0G020K,5.90
2017,城市男性传染病(不含呼吸道结核)死亡人数占总死亡人数的比重,A0O0G020L,1.24
2017,城市男性寄生虫病死亡人数占总死亡人数的比重,A0O0G020N,0.01
2017,城市男性恶性肿瘤死亡人数占总死亡人数的比重,A0O0G020O,28.76
2017,"城市男性血液,造血器官及免疫疾病死亡人数占总死亡人数的比重",A0O0G020P,0.20
2017,"城市男性内分泌,营养和代谢疾病死亡人数占总死亡人数的比重",A0O0G020Q,2.80
2017,城市男性精神障碍死亡人数占总死亡人数的比重,A0O0G020R,0.37
2017,城市男性神经系统疾病死亡人数占总死亡人数的比重,A0O0G020S,1.14
2017,城市男性心脏病死亡人数占总死亡人数的比重,A0O0G020T,20.66
2017,城市男性脑血管病死亡人数占总死亡人数的比重,A0O0G020U,19.85
2017,城市男性呼吸系统疾病死亡人数占总死亡人数的比重,A0O0G020V,11.24
2017,城市男性消化系统疾病死亡人数占总死亡人数的比重,A0O0G020W,2.57
2017,城市男性肌肉骨骼和结缔组织疾病死亡人数占总死亡人数的比重,A0O0G020X,0.26
2017,城市男性泌尿生殖系统疾病死亡人数占总死亡人数的比重,A0O0G020Y,1.10
2017,城市男性围生期疾病死亡人数占总死亡人数的比重,A0O0G020Z,0.27
2017,"城市男性先天畸形,变形和染色体异常死亡人数占总死亡人数的比重",A0O0G0210,0.22
2017,城市男性诊断不明死亡人数占总死亡人数的比重,A0O0G0211,0.41
2017,城市男性其他疾病死亡人数占总死亡人数的比重,A0O0G0212,0.69
2017,城市男性损伤和中毒外部原因死亡人数占总死亡人数的比重,A0O0G0213,6.64
2017,城市女性传染病(不含呼吸道结核)死亡人数占总死亡人数的比重,A0O0G0214,0.67
2017,城市女性寄生虫病死亡人数占总死亡人数的比重,A0O0G0216,0.00
2017,城市女性恶性肿瘤死亡人数占总死亡人数的比重,A0O0G0217,22.48
2017,"城市女性血液,造血器官及免疫疾病死亡人数占总死亡人数的比重",A0O0G0218,0.23
2017,"城市女性内分泌,营养和代谢疾病死亡人数占总死亡人数的比重",A0O0G0219,4.07
2017,城市女性精神障碍死亡人数占总死亡人数的比重,A0O0G021A,0.54
2017,城市女性神经系统疾病死亡人数占总死亡人数的比重,A0O0G021B,1.45
2017,城市女性心脏病死亡人数占总死亡人数的比重,A0O0G021C,26.20
2017,城市女性脑血管病死亡人数占总死亡人数的比重,A0O0G021D,21.53
2017,城市女性呼吸系统疾病死亡人数占总死亡人数的比重,A0O0G021E,10.48
2017,城市女性消化系统疾病死亡人数占总死亡人数的比重,A0O0G021F,2.07
2017,城市女性肌肉骨骼和结缔组织疾病死亡人数占总死亡人数的比重,A0O0G021G,0.54
2017,城市女性泌尿生殖系统疾病死亡人数占总死亡人数的比重,A0O0G021H,1.08
2017,"城市女性妊娠,分娩产褥期并发症死亡人数占总死亡人数的比重",A0O0G021I,0.03
2017,城市女性围生期疾病死亡人数占总死亡人数的比重,A0O0G021J,0.24
2017,"城市女性先天畸形,变形和染色体异常死亡人数占总死亡人数的比重",A0O0G021K,0.26
2017,城市女性诊断不明死亡人数占总死亡人数的比重,A0O0G021L,0.27
2017,城市女性其他疾病死亡人数占总死亡人数的比重,A0O0G021M,1.36
2017,城市女性损伤和中毒外部原因死亡人数占总死亡人数的比重,A0O0G021N,4.90
2018,城市传染病(不含呼吸道结核)死亡人数占总死亡人数的比重,A0O0G0201,0.95
2018,城市寄生虫病死亡人数占总死亡人数的比重,A0O0G0203,0.01
2018,城市恶性肿瘤死亡人数占总死亡人数的比重,A0O0G0204,25.98
2018,"城市血液,造血器官及免疫疾病死亡人数占总死亡人数的比重",A0O0G0205,0.23
2018,"城市内分泌,营养和代谢疾病死亡人数占总死亡人数的比重",A0O0G0206,3.37
2018,城市精神障碍死亡人数占总死亡人数的比重,A0O0G0207,0.47
2018,城市神经系统疾病死亡人数占总死亡人数的比重,A0O0G0208,1.37
2018,城市心脏病死亡人数占总死亡人数的比重,A0O0G0209,23.29
2018,城市脑血管病死亡人数占总死亡人数的比重,A0O0G020A,20.51
2018,城市呼吸系统疾病死亡人数占总死亡人数的比重,A0O0G020B,10.83
2018,城市消化系统疾病死亡人数占总死亡人数的比重,A0O0G020C,2.31
2018,城市肌肉骨骼和结缔组织疾病死亡人数占总死亡人数的比重,A0O0G020D,0.40
2018,城市泌尿生殖系统疾病死亡人数占总死亡人数的比重,A0O0G020E,1.09
2018,"城市妊娠,分娩产褥期并发症死亡人数占总死亡人数的比重",A0O0G020F,0.01
2018,城市围生期疾病死亡人数占总死亡人数的比重,A0O0G020G,0.21
2018,"城市先天畸形,变形和染色体异常死亡人数占总死亡人数的比重",A0O0G020H,0.21
2018,城市诊断不明死亡人数占总死亡人数的比重,A0O0G020I,0.41
2018,城市其他疾病死亡人数占总死亡人数的比重,A0O0G020J,1.02
2018,城市损伤和中毒外部原因死亡人数占总死亡人数的比重,A0O0G020K,5.67
2018,城市男性传染病(不含呼吸道结核)死亡人数占总死亡人数的比重,A0O0G020L,1.15
2018,城市男性寄生虫病死亡人数占总死亡人数的比重,A0O0G020N,0.01
2018,城市男性恶性肿瘤死亡人数占总死亡人数的比重,A0O0G020O,28.72
2018,"城市男性血液,造血器官及免疫疾病死亡人数占总死亡人数的比重",A0O0G020P,0.20
2018,"城市男性内分泌,营养和代谢疾病死亡人数占总死亡人数的比重",A0O0G020Q,2.87
2018,城市男性精神障碍死亡人数占总死亡人数的比重,A0O0G020R,0.39
2018,城市男性神经系统疾病死亡人数占总死亡人数的比重,A0O0G020S,1.21
2018,城市男性心脏病死亡人数占总死亡人数的比重,A0O0G020T,21.03
2018,城市男性脑血管病死亡人数占总死亡人数的比重,A0O0G020U,19.84
2018,城市男性呼吸系统疾病死亡人数占总死亡人数的比重,A0O0G020V,11.24
2018,城市男性消化系统疾病死亡人数占总死亡人数的比重,A0O0G020W,2.49
2018,城市男性肌肉骨骼和结缔组织疾病死亡人数占总死亡人数的比重,A0O0G020X,0.27
2018,城市男性泌尿生殖系统疾病死亡人数占总死亡人数的比重,A0O0G020Y,1.09
2018,城市男性围生期疾病死亡人数占总死亡人数的比重,A0O0G020Z,0.22
2018,"城市男性先天畸形,变形和染色体异常死亡人数占总死亡人数的比重",A0O0G0210,0.20
2018,城市男性诊断不明死亡人数占总死亡人数的比重,A0O0G0211,0.48
2018,城市男性其他疾病死亡人数占总死亡人数的比重,A0O0G0212,0.71
2018,城市男性损伤和中毒外部原因死亡人数占总死亡人数的比重,A0O0G0213,6.28
2018,城市女性传染病(不含呼吸道结核)死亡人数占总死亡人数的比重,A0O0G0214,0.67
2018,城市女性寄生虫病死亡人数占总死亡人数的比重,A0O0G0216,0.01
2018,城市女性恶性肿瘤死亡人数占总死亡人数的比重,A0O0G0217,22.23
2018,"城市女性血液,造血器官及免疫疾病死亡人数占总死亡人数的比重",A0O0G0218,0.27
2018,"城市女性内分泌,营养和代谢疾病死亡人数占总死亡人数的比重",A0O0G0219,4.05
2018,城市女性精神障碍死亡人数占总死亡人数的比重,A0O0G021A,0.58
2018,城市女性神经系统疾病死亡人数占总死亡人数的比重,A0O0G021B,1.60
2018,城市女性心脏病死亡人数占总死亡人数的比重,A0O0G021C,26.38
2018,城市女性脑血管病死亡人数占总死亡人数的比重,A0O0G021D,21.43
2018,城市女性呼吸系统疾病死亡人数占总死亡人数的比重,A0O0G021E,10.26
2018,城市女性消化系统疾病死亡人数占总死亡人数的比重,A0O0G021F,2.08
2018,城市女性肌肉骨骼和结缔组织疾病死亡人数占总死亡人数的比重,A0O0G021G,0.56
2018,城市女性泌尿生殖系统疾病死亡人数占总死亡人数的比重,A0O0G021H,1.08
2018,"城市女性妊娠,分娩产褥期并发症死亡人数占总死亡人数的比重",A0O0G021I,0.02
2018,城市女性围生期疾病死亡人数占总死亡人数的比重,A0O0G021J,0.20
2018,"城市女性先天畸形,变形和染色体异常死亡人数占总死亡人数的比重",A0O0G021K,0.23
2018,城市女性诊断不明死亡人数占总死亡人数的比重,A0O0G021L,0.30
2018,城市女性其他疾病死亡人数占总死亡人数的比重,A0O0G021M,1.45
2018,城市女性损伤和中毒外部原因死亡人数占总死亡人数的比重,A0O0G021N,4.84
2019,城市寄生虫病死亡人数占总死亡人数的比重,A0O0G0203,0.01
2019,城市恶性肿瘤死亡人数占总死亡人数的比重,A0O0G0204,25.73
2019,"城市血液,造血器官及免疫疾病死亡人数占总死亡人数的比重",A0O0G0205,0.21
2019,"城市内分泌,营养和代谢疾病死亡人数占总死亡人数的比重",A0O0G0206,3.42
2019,城市精神障碍死亡人数占总死亡人数的比重,A0O0G0207,0.49
2019,城市神经系统疾病死亡人数占总死亡人数的比重,A0O0G0208,1.45
2019,城市心脏病死亡人数占总死亡人数的比重,A0O0G0209,23.65
2019,城市脑血管病死亡人数占总死亡人数的比重,A0O0G020A,20.61
2019,城市呼吸系统疾病死亡人数占总死亡人数的比重,A0O0G020B,10.36
2019,城市消化系统疾病死亡人数占总死亡人数的比重,A0O0G020C,2.37
2019,城市肌肉骨骼和结缔组织疾病死亡人数占总死亡人数的比重,A0O0G020D,0.39
2019,城市泌尿生殖系统疾病死亡人数占总死亡人数的比重,A0O0G020E,1.05
2019,"城市妊娠,分娩产褥期并发症死亡人数占总死亡人数的比重",A0O0G020F,0.01
2019,城市围生期疾病死亡人数占总死亡人数的比重,A0O0G020G,0.18
2019,"城市先天畸形,变形和染色体异常死亡人数占总死亡人数的比重",A0O0G020H,0.19
2019,城市诊断不明死亡人数占总死亡人数的比重,A0O0G020I,0.49
2019,城市其他疾病死亡人数占总死亡人数的比重,A0O0G020J,1.03
2019,城市损伤和中毒外部原因死亡人数占总死亡人数的比重,A0O0G020K,5.74
2019,城市男性寄生虫病死亡人数占总死亡人数的比重,A0O0G020N,0.01
2019,城市男性恶性肿瘤死亡人数占总死亡人数的比重,A0O0G020O,28.37
2019,"城市男性血液,造血器官及免疫疾病死亡人数占总死亡人数的比重",A0O0G020P,0.19
2019,"城市男性内分泌,营养和代谢疾病死亡人数占总死亡人数的比重",A0O0G020Q,2.95
2019,城市男性精神障碍死亡人数占总死亡人数的比重,A0O0G020R,0.41
2019,城市男性神经系统疾病死亡人数占总死亡人数的比重,A0O0G020S,1.29
2019,城市男性心脏病死亡人数占总死亡人数的比重,A0O0G020T,21.44
2019,城市男性脑血管病死亡人数占总死亡人数的比重,A0O0G020U,19.96
2019,城市男性呼吸系统疾病死亡人数占总死亡人数的比重,A0O0G020V,10.85
2019,城市男性消化系统疾病死亡人数占总死亡人数的比重,A0O0G020W,2.49
2019,城市男性肌肉骨骼和结缔组织疾病死亡人数占总死亡人数的比重,A0O0G020X,0.26
2019,城市男性泌尿生殖系统疾病死亡人数占总死亡人数的比重,A0O0G020Y,1.05
2019,城市男性围生期疾病死亡人数占总死亡人数的比重,A0O0G020Z,0.19
2019,"城市男性先天畸形,变形和染色体异常死亡人数占总死亡人数的比重",A0O0G0210,0.18
2019,城市男性诊断不明死亡人数占总死亡人数的比重,A0O0G0211,0.58
2019,城市男性其他疾病死亡人数占总死亡人数的比重,A0O0G0212,0.73
2019,城市男性损伤和中毒外部原因死亡人数占总死亡人数的比重,A0O0G0213,6.29
2019,城市女性寄生虫病死亡人数占总死亡人数的比重,A0O0G0216,0.01
2019,城市女性恶性肿瘤死亡人数占总死亡人数的比重,A0O0G0217,22.13
2019,"城市女性血液,造血器官及免疫疾病死亡人数占总死亡人数的比重",A0O0G0218,0.25
2019,"城市女性内分泌,营养和代谢疾病死亡人数占总死亡人数的比重",A0O0G0219,4.06
2019,城市女性精神障碍死亡人数占总死亡人数的比重,A0O0G021A,0.61
2019,城市女性神经系统疾病死亡人数占总死亡人数的比重,A0O0G021B,1.68
2019,城市女性心脏病死亡人数占总死亡人数的比重,A0O0G021C,26.68
2019,城市女性脑血管病死亡人数占总死亡人数的比重,A0O0G021D,21.50
2019,城市女性呼吸系统疾病死亡人数占总死亡人数的比重,A0O0G021E,9.67
2019,城市女性消化系统疾病死亡人数占总死亡人数的比重,A0O0G021F,2.20
2019,城市女性肌肉骨骼和结缔组织疾病死亡人数占总死亡人数的比重,A0O0G021G,0.55
2019,城市女性泌尿生殖系统疾病死亡人数占总死亡人数的比重,A0O0G021H,1.05
2019,"城市女性妊娠,分娩产褥期并发症死亡人数占总死亡人数的比重",A0O0G021I,0.02
2019,城市女性围生期疾病死亡人数占总死亡人数的比重,A0O0G021J,0.17
2019,"城市女性先天畸形,变形和染色体异常死亡人数占总死亡人数的比重",A0O0G021K,0.20
2019,城市女性诊断不明死亡人数占总死亡人数的比重,A0O0G021L,0.36
2019,城市女性其他疾病死亡人数占总死亡人数的比重,A0O0G021M,1.43
2019,城市女性损伤和中毒外部原因死亡人数占总死亡人数的比重,A0O0G021N,4.99
2020,城市寄生虫病死亡人数占总死亡人数的比重,A0O0G0203,0.01
2020,城市恶性肿瘤死亡人数占总死亡人数的比重,A0O0G0204,25.43
2020,"城市血液,造血器官及免疫疾病死亡人数占总死亡人数的比重",A0O0G0205,0.21
2020,"城市内分泌,营养和代谢疾病死亡人数占总死亡人数的比重",A0O0G0206,3.59
2020,城市精神障碍死亡人数占总死亡人数的比重,A0O0G0207,0.50
2020,城市神经系统疾病死亡人数占总死亡人数的比重,A0O0G0208,1.43
2020,城市心脏病死亡人数占总死亡人数的比重,A0O0G0209,24.56
2020,城市脑血管病死亡人数占总死亡人数的比重,A0O0G020A,21.30
2020,城市呼吸系统疾病死亡人数占总死亡人数的比重,A0O0G020B,8.72
2020,城市消化系统疾病死亡人数占总死亡人数的比重,A0O0G020C,2.49
2020,城市肌肉骨骼和结缔组织疾病死亡人数占总死亡人数的比重,A0O0G020D,0.34
2020,城市泌尿生殖系统疾病死亡人数占总死亡人数的比重,A0O0G020E,1.05
2020,"城市妊娠,分娩产褥期并发症死亡人数占总死亡人数的比重",A0O0G020F,0.01
2020,城市围生期疾病死亡人数占总死亡人数的比重,A0O0G020G,0.16
2020,"城市先天畸形,变形和染色体异常死亡人数占总死亡人数的比重",A0O0G020H,0.16
2020,城市诊断不明死亡人数占总死亡人数的比重,A0O0G020I,0.51
2020,城市其他疾病死亡人数占总死亡人数的比重,A0O0G020J,3.02
2020,城市损伤和中毒外部原因死亡人数占总死亡人数的比重,A0O0G020K,5.65
2020,城市男性寄生虫病死亡人数占总死亡人数的比重,A0O0G020N,0.01
2020,城市男性恶性肿瘤死亡人数占总死亡人数的比重,A0O0G020O,28.06
2020,"城市男性血液,造血器官及免疫疾病死亡人数占总死亡人数的比重",A0O0G020P,0.19
2020,"城市男性内分泌,营养和代谢疾病死亡人数占总死亡人数的比重",A0O0G020Q,3.11
2020,城市男性精神障碍死亡人数占总死亡人数的比重,A0O0G020R,0.41
2020,城市男性神经系统疾病死亡人数占总死亡人数的比重,A0O0G020S,1.24
2020,城市男性心脏病死亡人数占总死亡人数的比重,A0O0G020T,22.10
2020,城市男性脑血管病死亡人数占总死亡人数的比重,A0O0G020U,20.82
2020,城市男性呼吸系统疾病死亡人数占总死亡人数的比重,A0O0G020V,9.33
2020,城市男性消化系统疾病死亡人数占总死亡人数的比重,A0O0G020W,2.67
2020,城市男性肌肉骨骼和结缔组织疾病死亡人数占总死亡人数的比重,A0O0G020X,0.22
2020,城市男性泌尿生殖系统疾病死亡人数占总死亡人数的比重,A0O0G020Y,1.07
2020,城市男性围生期疾病死亡人数占总死亡人数的比重,A0O0G020Z,0.15
2020,"城市男性先天畸形,变形和染色体异常死亡人数占总死亡人数的比重",A0O0G0210,0.14
2020,城市男性诊断不明死亡人数占总死亡人数的比重,A0O0G0211,0.60
2020,城市男性其他疾病死亡人数占总死亡人数的比重,A0O0G0212,2.69
2020,城市男性损伤和中毒外部原因死亡人数占总死亡人数的比重,A0O0G0213,6.11
2020,城市女性寄生虫病死亡人数占总死亡人数的比重,A0O0G0216,0.01
2020,城市女性恶性肿瘤死亡人数占总死亡人数的比重,A0O0G0217,21.86
2020,"城市女性血液,造血器官及免疫疾病死亡人数占总死亡人数的比重",A0O0G0218,0.24
2020,"城市女性内分泌,营养和代谢疾病死亡人数占总死亡人数的比重",A0O0G0219,4.24
2020,城市女性精神障碍死亡人数占总死亡人数的比重,A0O0G021A,0.61
2020,城市女性神经系统疾病死亡人数占总死亡人数的比重,A0O0G021B,1.68
2020,城市女性心脏病死亡人数占总死亡人数的比重,A0O0G021C,27.89
2020,城市女性脑血管病死亡人数占总死亡人数的比重,A0O0G021D,21.94
2020,城市女性呼吸系统疾病死亡人数占总死亡人数的比重,A0O0G021E,7.90
2020,城市女性消化系统疾病死亡人数占总死亡人数的比重,A0O0G021F,2.26
2020,城市女性肌肉骨骼和结缔组织疾病死亡人数占总死亡人数的比重,A0O0G021G,0.51
2020,城市女性泌尿生殖系统疾病死亡人数占总死亡人数的比重,A0O0G021H,1.01
2020,"城市女性妊娠,分娩产褥期并发症死亡人数占总死亡人数的比重",A0O0G021I,0.02
2020,城市女性围生期疾病死亡人数占总死亡人数的比重,A0O0G021J,0.17
2020,"城市女性先天畸形,变形和染色体异常死亡人数占总死亡人数的比重",A0O0G021K,0.17
2020,城市女性诊断不明死亡人数占总死亡人数的比重,A0O0G021L,0.38
2020,城市女性其他疾病死亡人数占总死亡人数的比重,A0O0G021M,3.48
2020,城市女性损伤和中毒外部原因死亡人数占总死亡人数的比重,A0O0G021N,5.03
2021,城市传染病(不含呼吸道结核)死亡人数占总死亡人数的比重,A0O0G0201,0.82
2021,城市寄生虫病死亡人数占总死亡人数的比重,A0O0G0203,0.01
2021,城市恶性肿瘤死亡人数占总死亡人数的比重,A0O0G0204,24.61
2021,"城市血液,造血器官及免疫疾病死亡人数占总死亡人数的比重",A0O0G0205,0.21
2021,"城市内分泌,营养和代谢疾病死亡人数占总死亡人数的比重",A0O0G0206,3.74
2021,城市精神障碍死亡人数占总死亡人数的比重,A0O0G0207,0.54
2021,城市神经系统疾病死亡人数占总死亡人数的比重,A0O0G0208,1.46
2021,城市心脏病死亡人数占总死亡人数的比重,A0O0G0209,25.64
2021,城市脑血管病死亡人数占总死亡人数的比重,A0O0G020A,21.71
2021,城市呼吸系统疾病死亡人数占总死亡人数的比重,A0O0G020B,8.45
2021,城市消化系统疾病死亡人数占总死亡人数的比重,A0O0G020C,2.39
2021,城市肌肉骨骼和结缔组织疾病死亡人数占总死亡人数的比重,A0O0G020D,0.30
2021,城市泌尿生殖系统疾病死亡人数占总死亡人数的比重,A0O0G020E,1.05
2021,城市围生期疾病死亡人数占总死亡人数的比重,A0O0G020G,0.11
2021,"城市先天畸形,变形和染色体异常死亡人数占总死亡人数的比重",A0O0G020H,0.13
2021,城市诊断不明死亡人数占总死亡人数的比重,A0O0G020I,0.50
2021,城市其他疾病死亡人数占总死亡人数的比重,A0O0G020J,0.86
2021,城市损伤和中毒外部原因死亡人数占总死亡人数的比重,A0O0G020K,5.46
2021,城市男性传染病(不含呼吸道结核)死亡人数占总死亡人数的比重,A0O0G020L,1.00
2021,城市男性寄生虫病死亡人数占总死亡人数的比重,A0O0G020N,0.01
2021,城市男性恶性肿瘤死亡人数占总死亡人数的比重,A0O0G020O,27.20
2021,"城市男性血液,造血器官及免疫疾病死亡人数占总死亡人数的比重",A0O0G020P,0.19
2021,"城市男性内分泌,营养和代谢疾病死亡人数占总死亡人数的比重",A0O0G020Q,3.30
2021,城市男性精神障碍死亡人数占总死亡人数的比重,A0O0G020R,0.42
2021,城市男性神经系统疾病死亡人数占总死亡人数的比重,A0O0G020S,1.27
2021,城市男性心脏病死亡人数占总死亡人数的比重,A0O0G020T,23.28
2021,城市男性脑血管病死亡人数占总死亡人数的比重,A0O0G020U,21.11
2021,城市男性呼吸系统疾病死亡人数占总死亡人数的比重,A0O0G020V,9.15
2021,城市男性消化系统疾病死亡人数占总死亡人数的比重,A0O0G020W,2.55
2021,城市男性肌肉骨骼和结缔组织疾病死亡人数占总死亡人数的比重,A0O0G020X,0.20
2021,城市男性泌尿生殖系统疾病死亡人数占总死亡人数的比重,A0O0G020Y,1.08
2021,城市男性围生期疾病死亡人数占总死亡人数的比重,A0O0G020Z,0.11
2021,"城市男性先天畸形,变形和染色体异常死亡人数占总死亡人数的比重",A0O0G0210,0.12
2021,城市男性诊断不明死亡人数占总死亡人数的比重,A0O0G0211,0.59
2021,城市男性其他疾病死亡人数占总死亡人数的比重,A0O0G0212,0.62
2021,城市男性损伤和中毒外部原因死亡人数占总死亡人数的比重,A0O0G0213,5.83
2021,城市女性传染病(不含呼吸道结核)死亡人数占总死亡人数的比重,A0O0G0214,0.58
2021,城市女性寄生虫病死亡人数占总死亡人数的比重,A0O0G0216,0.01
2021,城市女性恶性肿瘤死亡人数占总死亡人数的比重,A0O0G0217,21.11
2021,"城市女性血液,造血器官及免疫疾病死亡人数占总死亡人数的比重",A0O0G0218,0.23
2021,"城市女性内分泌,营养和代谢疾病死亡人数占总死亡人数的比重",A0O0G0219,4.34
2021,城市女性精神障碍死亡人数占总死亡人数的比重,A0O0G021A,0.70
2021,城市女性神经系统疾病死亡人数占总死亡人数的比重,A0O0G021B,1.72
2021,城市女性心脏病死亡人数占总死亡人数的比重,A0O0G021C,28.83
2021,城市女性脑血管病死亡人数占总死亡人数的比重,A0O0G021D,22.52
2021,城市女性呼吸系统疾病死亡人数占总死亡人数的比重,A0O0G021E,7.51
2021,城市女性消化系统疾病死亡人数占总死亡人数的比重,A0O0G021F,2.17
2021,城市女性肌肉骨骼和结缔组织疾病死亡人数占总死亡人数的比重,A0O0G021G,0.44
2021,城市女性泌尿生殖系统疾病死亡人数占总死亡人数的比重,A0O0G021H,1.00
2021,"城市女性妊娠,分娩产褥期并发症死亡人数占总死亡人数的比重",A0O0G021I,0.01
2021,城市女性围生期疾病死亡人数占总死亡人数的比重,A0O0G021J,0.11
2021,"城市女性先天畸形,变形和染色体异常死亡人数占总死亡人数的比重",A0O0G021K,0.16
2021,城市女性诊断不明死亡人数占总死亡人数的比重,A0O0G021L,0.37
2021,城市女性其他疾病死亡人数占总死亡人数的比重,A0O0G021M,1.19
2021,城市女性损伤和中毒外部原因死亡人数占总死亡人数的比重,A0O0G021N,4.96
2021,城市传染病(不含呼吸道结核)死亡人数占总死亡人数的比重,A0O0G0201,0.82
2021,城市寄生虫病死亡人数占总死亡人数的比重,A0O0G0203,0.01
2021,城市恶性肿瘤死亡人数占总死亡人数的比重,A0O0G0204,24.61
2021,"城市血液,造血器官及免疫疾病死亡人数占总死亡人数的比重",A0O0G0205,0.21
2021,"城市内分泌,营养和代谢疾病死亡人数占总死亡人数的比重",A0O0G0206,3.74
2021,城市精神障碍死亡人数占总死亡人数的比重,A0O0G0207,0.54
2021,城市神经系统疾病死亡人数占总死亡人数的比重,A0O0G0208,1.46
2021,城市心脏病死亡人数占总死亡人数的比重,A0O0G0209,25.64
2021,城市脑血管病死亡人数占总死亡人数的比重,A0O0G020A,21.71
2021,城市呼吸系统疾病死亡人数占总死亡人数的比重,A0O0G020B,8.45
2021,城市消化系统疾病死亡人数占总死亡人数的比重,A0O0G020C,2.39
2021,城市肌肉骨骼和结缔组织疾病死亡人数占总死亡人数的比重,A0O0G020D,0.30
2021,城市泌尿生殖系统疾病死亡人数占总死亡人数的比重,A0O0G020E,1.05
2021,城市围生期疾病死亡人数占总死亡人数的比重,A0O0G020G,0.11
2021,"城市先天畸形,变形和染色体异常死亡人数占总死亡人数的比重",A0O0G020H,0.13
2021,城市诊断不明死亡人数占总死亡人数的比重,A0O0G020I,0.50
2021,城市其他疾病死亡人数占总死亡人数的比重,A0O0G020J,0.86
2021,城市损伤和中毒外部原因死亡人数占总死亡人数的比重,A0O0G020K,5.46
2021,城市男性传染病(不含呼吸道结核)死亡人数占总死亡人数的比重,A0O0G020L,1.00
2021,城市男性寄生虫病死亡人数占总死亡人数的比重,A0O0G020N,0.01
2021,城市男性恶性肿瘤死亡人数占总死亡人数的比重,A0O0G020O,27.20
2021,"城市男性血液,造血器官及免疫疾病死亡人数占总死亡人数的比重",A0O0G020P,0.19
2021,"城市男性内分泌,营养和代谢疾病死亡人数占总死亡人数的比重",A0O0G020Q,3.30
2021,城市男性精神障碍死亡人数占总死亡人数的比重,A0O0G020R,0.42
2021,城市男性神经系统疾病死亡人数占总死亡人数的比重,A0O0G020S,1.27
2021,城市男性心脏病死亡人数占总死亡人数的比重,A0O0G020T,23.28
2021,城市男性脑血管病死亡人数占总死亡人数的比重,A0O0G020U,21.11
2021,城市男性呼吸系统疾病死亡人数占总死亡人数的比重,A0O0G020V,9.15
2021,城市男性消化系统疾病死亡人数占总死亡人数的比重,A0O0G020W,2.55
2021,城市男性肌肉骨骼和结缔组织疾病死亡人数占总死亡人数的比重,A0O0G020X,0.20
2021,城市男性泌尿生殖系统疾病死亡人数占总死亡人数的比重,A0O0G020Y,1.08
2021,城市男性围生期疾病死亡人数占总死亡人数的比重,A0O0G020Z,0.11
2021,"城市男性先天畸形,变形和染色体异常死亡人数占总死亡人数的比重",A0O0G0210,0.12
2021,城市男性诊断不明死亡人数占总死亡人数的比重,A0O0G0211,0.59
2021,城市男性其他疾病死亡人数占总死亡人数的比重,A0O0G0212,0.62
2021,城市男性损伤和中毒外部原因死亡人数占总死亡人数的比重,A0O0G0213,5.83
2021,城市女性传染病(不含呼吸道结核)死亡人数占总死亡人数的比重,A0O0G0214,0.58
2021,城市女性寄生虫病死亡人数占总死亡人数的比重,A0O0G0216,0.01
2021,城市女性恶性肿瘤死亡人数占总死亡人数的比重,A0O0G0217,21.11
2021,"城市女性血液,造血器官及免疫疾病死亡人数占总死亡人数的比重",A0O0G0218,0.23
2021,"城市女性内分泌,营养和代谢疾病死亡人数占总死亡人数的比重",A0O0G0219,4.34
2021,城市女性精神障碍死亡人数占总死亡人数的比重,A0O0G021A,0.70
2021,城市女性神经系统疾病死亡人数占总死亡人数的比重,A0O0G021B,1.72
2021,城市女性心脏病死亡人数占总死亡人数的比重,A0O0G021C,28.83
2021,城市女性脑血管病死亡人数占总死亡人数的比重,A0O0G021D,22.52
2021,城市女性呼吸系统疾病死亡人数占总死亡人数的比重,A0O0G021E,7.51
2021,城市女性消化系统疾病死亡人数占总死亡人数的比重,A0O0G021F,2.17
2021,城市女性肌肉骨骼和结缔组织疾病死亡人数占总死亡人数的比重,A0O0G021G,0.44
2021,城市女性泌尿生殖系统疾病死亡人数占总死亡人数的比重,A0O0G021H,1.00
2021,"城市女性妊娠,分娩产褥期并发症死亡人数占总死亡人数的比重",A0O0G021I,0.01
2021,城市女性围生期疾病死亡人数占总死亡人数的比重,A0O0G021J,0.11
2021,"城市女性先天畸形,变形和染色体异常死亡人数占总死亡人数的比重",A0O0G021K,0.16
2021,城市女性诊断不明死亡人数占总死亡人数的比重,A0O0G021L,0.37
2021,城市女性其他疾病死亡人数占总死亡人数的比重,A0O0G021M,1.19
2021,城市女性损伤和中毒外部原因死亡人数占总死亡人数的比重,A0O0G021N,4.96
2021,城市传染病(不含呼吸道结核)死亡人数占总死亡人数的比重,A0O0G0201,0.82
2021,城市寄生虫病死亡人数占总死亡人数的比重,A0O0G0203,0.01
2021,城市恶性肿瘤死亡人数占总死亡人数的比重,A0O0G0204,24.61
2021,"城市血液,造血器官及免疫疾病死亡人数占总死亡人数的比重",A0O0G0205,0.21
2021,"城市内分泌,营养和代谢疾病死亡人数占总死亡人数的比重",A0O0G0206,3.74
2021,城市精神障碍死亡人数占总死亡人数的比重,A0O0G0207,0.54
2021,城市神经系统疾病死亡人数占总死亡人数的比重,A0O0G0208,1.46
2021,城市心脏病死亡人数占总死亡人数的比重,A0O0G0209,25.64
2021,城市脑血管病死亡人数占总死亡人数的比重,A0O0G020A,21.71
2021,城市呼吸系统疾病死亡人数占总死亡人数的比重,A0O0G020B,8.45
2021,城市消化系统疾病死亡人数占总死亡人数的比重,A0O0G020C,2.39
2021,城市肌肉骨骼和结缔组织疾病死亡人数占总死亡人数的比重,A0O0G020D,0.30
2021,城市泌尿生殖系统疾病死亡人数占总死亡人数的比重,A0O0G020E,1.05
2021,城市围生期疾病死亡人数占总死亡人数的比重,A0O0G020G,0.11
2021,"城市先天畸形,变形和染色体异常死亡人数占总死亡人数的比重",A0O0G020H,0.13
2021,城市诊断不明死亡人数占总死亡人数的比重,A0O0G020I,0.50
2021,城市其他疾病死亡人数占总死亡人数的比重,A0O0G020J,0.86
2021,城市损伤和中毒外部原因死亡人数占总死亡人数的比重,A0O0G020K,5.46
2021,城市男性传染病(不含呼吸道结核)死亡人数占总死亡人数的比重,A0O0G020L,1.00
2021,城市男性寄生虫病死亡人数占总死亡人数的比重,A0O0G020N,0.01
2021,城市男性恶性肿瘤死亡人数占总死亡人数的比重,A0O0G020O,27.20
2021,"城市男性血液,造血器官及免疫疾病死亡人数占总死亡人数的比重",A0O0G020P,0.19
2021,"城市男性内分泌,营养和代谢疾病死亡人数占总死亡人数的比重",A0O0G020Q,3.30
2021,城市男性精神障碍死亡人数占总死亡人数的比重,A0O0G020R,0.42
2021,城市男性神经系统疾病死亡人数占总死亡人数的比重,A0O0G020S,1.27
2021,城市男性心脏病死亡人数占总死亡人数的比重,A0O0G020T,23.28
2021,城市男性脑血管病死亡人数占总死亡人数的比重,A0O0G020U,21.11
2021,城市男性呼吸系统疾病死亡人数占总死亡人数的比重,A0O0G020V,9.15
2021,城市男性消化系统疾病死亡人数占总死亡人数的比重,A0O0G020W,2.55
2021,城市男性肌肉骨骼和结缔组织疾病死亡人数占总死亡人数的比重,A0O0G020X,0.20
2021,城市男性泌尿生殖系统疾病死亡人数占总死亡人数的比重,A0O0G020Y,1.08
2021,城市男性围生期疾病死亡人数占总死亡人数的比重,A0O0G020Z,0.11
2021,"城市男性先天畸形,变形和染色体异常死亡人数占总死亡人数的比重",A0O0G0210,0.12
2021,城市男性诊断不明死亡人数占总死亡人数的比重,A0O0G0211,0.59
2021,城市男性其他疾病死亡人数占总死亡人数的比重,A0O0G0212,0.62
2021,城市男性损伤和中毒外部原因死亡人数占总死亡人数的比重,A0O0G0213,5.83
2021,城市女性传染病(不含呼吸道结核)死亡人数占总死亡人数的比重,A0O0G0214,0.58
2021,城市女性寄生虫病死亡人数占总死亡人数的比重,A0O0G0216,0.01
2021,城市女性恶性肿瘤死亡人数占总死亡人数的比重,A0O0G0217,21.11
2021,"城市女性血液,造血器官及免疫疾病死亡人数占总死亡人数的比重",A0O0G0218,0.23
2021,"城市女性内分泌,营养和代谢疾病死亡人数占总死亡人数的比重",A0O0G0219,4.34
2021,城市女性精神障碍死亡人数占总死亡人数的比重,A0O0G021A,0.70
2021,城市女性神经系统疾病死亡人数占总死亡人数的比重,A0O0G021B,1.72
2021,城市女性心脏病死亡人数占总死亡人数的比重,A0O0G021C,28.83
2021,城市女性脑血管病死亡人数占总死亡人数的比重,A0O0G021D,22.52
2021,城市女性呼吸系统疾病死亡人数占总死亡人数的比重,A0O0G021E,7.51
2021,城市女性消化系统疾病死亡人数占总死亡人数的比重,A0O0G021F,2.17
2021,城市女性肌肉骨骼和结缔组织疾病死亡人数占总死亡人数的比重,A0O0G021G,0.44
2021,城市女性泌尿生殖系统疾病死亡人数占总死亡人数的比重,A0O0G021H,1.00
2021,"城市女性妊娠,分娩产褥期并发症死亡人数占总死亡人数的比重",A0O0G021I,0.01
2021,城市女性围生期疾病死亡人数占总死亡人数的比重,A0O0G021J,0.11
2021,"城市女性先天畸形,变形和染色体异常死亡人数占总死亡人数的比重",A0O0G021K,0.16
2021,城市女性诊断不明死亡人数占总死亡人数的比重,A0O0G021L,0.37
2021,城市女性其他疾病死亡人数占总死亡人数的比重,A0O0G021M,1.19
2021,城市女性损伤和中毒外部原因死亡人数占总死亡人数的比重,A0O0G021N,4.96
